symbol,RS_Change_5D,RS_Change_10D,RS_Change_20D,RS_Change_60D,RS_Current,RS_Accel,RS_Accel_Rank
PLUS,20.338983050847446,5.423728813559322,91.52542372881356,90.84745762711864,92.54237288135593,62.71186440677966,1.0
MVC,-1.694915254237273,52.20338983050848,65.08474576271186,35.59322033898305,89.49152542372882,47.8135593220339,2.0
ENEX,4.406779661016941,0.6779661016949063,63.38983050847457,73.5593220338983,84.06779661016948,44.35593220338983,3.0
LODE,57.28813559322035,32.8813559322034,28.13559322033899,74.23728813559323,90.5084745762712,43.762711864406796,4.0
PHC,-1.0169491525423808,0.6779661016949206,61.694915254237294,57.96610169491525,96.61016949152543,39.237288135593225,5.0
WIN,12.54237288135593,11.52542372881355,62.03389830508475,37.96610169491525,95.9322033898305,38.44067796610169,6.0
WPI,29.491525423728817,26.779661016949156,54.576271186440685,17.966101694915267,79.3220338983051,35.96610169491527,7.0
DWC,29.152542372881356,-0.6779661016949206,67.11864406779661,20.33898305084746,74.57627118644068,34.67796610169491,8.0
VVT,53.55932203389831,50.847457627118644,21.01694915254238,31.864406779661017,87.45762711864407,34.440677966101696,9.0
OM,14.915254237288138,38.64406779661017,33.898305084745765,34.91525423728814,49.152542372881356,33.440677966101696,10.0
FAF,-0.3389830508474745,1.0169491525423666,61.69491525423728,22.711864406779654,90.16949152542372,30.57627118644067,11.0
STI,24.406779661016955,38.30508474576271,35.2542372881356,16.94915254237288,69.49152542372882,30.355932203389834,12.0
DD,30.847457627118644,37.28813559322034,32.20338983050847,17.627118644067792,47.11864406779661,29.694915254237287,13.0
MM,-41.35593220338983,38.30508474576271,37.96610169491525,30.847457627118644,43.728813559322035,28.33898305084746,14.0
VLL,-6.779661016949163,-3.7288135593220346,69.4915254237288,6.779661016949149,73.89830508474576,27.881355932203384,15.0
T,41.35593220338983,47.45762711864407,22.711864406779654,8.474576271186436,88.8135593220339,27.20338983050847,16.0
MBC,14.915254237288124,60.0,19.66101694915254,6.101694915254228,81.01694915254237,25.881355932203387,17.0
MARC,53.898305084745765,49.49152542372882,36.949152542372886,-31.18644067796609,62.03389830508475,24.745762711864415,18.0
HTI,11.864406779661024,9.830508474576277,21.694915254237294,47.79661016949153,84.40677966101696,24.271186440677972,19.0
ALHI,17.627118644067796,20.338983050847457,22.3728813559322,33.22033898305085,41.69491525423729,24.101694915254235,20.0
CPM,7.796610169491522,17.627118644067792,27.45762711864407,28.135593220338976,68.47457627118644,23.203389830508474,21.0
ECP,23.389830508474578,22.71186440677966,20.67796610169492,25.423728813559322,36.610169491525426,22.644067796610173,22.0
UNH,-8.13559322033899,-12.54237288135593,71.86440677966101,-8.81355932203391,79.66101694915254,22.593220338983045,23.0
SUN,20.677966101694913,42.71186440677966,40.33898305084746,-26.101694915254228,50.847457627118644,22.355932203389834,24.0
FPI,18.644067796610187,26.440677966101703,15.593220338983059,29.15254237288137,88.47457627118645,22.00000000000001,25.0
GMAP,11.186440677966104,10.169491525423723,27.796610169491515,27.796610169491515,86.77966101694915,21.728813559322028,26.0
DMW,22.03389830508474,5.762711864406775,18.98305084745762,41.01694915254237,64.40677966101694,21.49152542372881,27.0
FGEN,26.101694915254242,15.932203389830512,45.76271186440678,-14.237288135593218,67.45762711864407,21.33898305084746,28.0
IPM,18.305084745762713,18.983050847457626,15.932203389830509,33.220338983050844,38.983050847457626,21.25423728813559,29.0
MFIN,-0.3389830508474603,67.45762711864407,0.0,17.288135593220346,72.54237288135593,21.152542372881356,30.0
OV,3.0508474576271283,16.271186440677965,32.88135593220339,14.237288135593218,76.61016949152543,21.084745762711865,31.0
VREIT,23.05084745762712,21.69491525423729,27.79661016949153,6.4406779661016955,30.847457627118647,20.45762711864407,32.0
KPPI,-18.644067796610173,-14.915254237288138,27.457627118644062,60.0,66.77966101694915,20.389830508474574,33.0
NI,-1.6949152542373014,-5.423728813559336,-0.3389830508474745,85.08474576271186,93.22033898305084,19.61016949152541,34.0
SHNG,3.050847457627114,27.11864406779661,2.3728813559322006,44.40677966101695,63.389830508474574,19.135593220338983,35.0
AP,8.135593220338976,24.40677966101694,24.067796610169488,8.474576271186436,82.71186440677965,18.66101694915254,36.0
ROCK,23.05084745762712,27.118644067796616,27.118644067796616,-5.423728813559308,62.37288135593221,18.576271186440685,37.0
CAT,13.898305084745758,17.966101694915253,11.525423728813564,31.1864406779661,53.559322033898304,18.28813559322034,38.0
BSC,10.508474576271183,25.084745762711865,17.627118644067796,14.915254237288138,48.13559322033898,18.10169491525424,39.0
SEVN,-6.101694915254242,-20.67796610169492,34.91525423728814,37.96610169491525,43.389830508474574,17.677966101694913,40.0
PREIT,20.0,14.915254237288138,11.86440677966102,28.474576271186443,32.88135593220339,17.593220338983052,41.0
SCC,21.694915254237287,21.694915254237287,22.711864406779657,3.3898305084745743,25.08474576271186,17.525423728813557,42.0
PCOR,2.3728813559322077,3.7288135593220346,27.11864406779661,21.016949152542367,98.30508474576271,17.271186440677965,43.0
PXP,4.7457627118644155,0.6779661016949206,4.7457627118644155,55.93220338983051,95.59322033898306,16.525423728813564,44.0
KPH,19.66101694915254,26.101694915254235,22.3728813559322,-4.067796610169495,68.8135593220339,16.423728813559322,45.0
APC,23.728813559322035,19.322033898305083,4.406779661016948,28.47457627118644,33.559322033898304,16.08474576271186,46.0
KEP,4.406779661016941,-4.7457627118644155,-7.7966101694915295,76.61016949152541,88.13559322033898,15.288135593220332,47.0
CROWN,30.169491525423737,10.169491525423737,1.6949152542373014,35.254237288135606,70.16949152542374,15.05084745762713,48.0
SPNEC,3.7288135593220346,15.932203389830505,4.406779661016955,35.59322033898305,74.91525423728814,15.016949152542374,49.0
AXLM,-1.355932203389827,4.745762711864408,47.118644067796616,-19.661016949152547,61.694915254237294,14.983050847457628,50.0
FJP,-2.3728813559322077,-5.762711864406782,13.559322033898297,44.40677966101694,85.08474576271186,14.847457627118638,51.0
CA,21.355932203389827,16.610169491525426,4.406779661016955,27.118644067796623,91.52542372881356,14.830508474576277,52.0
STR,8.813559322033896,13.220338983050846,19.999999999999996,9.491525423728813,26.101694915254235,14.559322033898304,53.0
EVER,7.7966101694915295,13.559322033898304,11.864406779661017,22.372881355932204,40.0,14.508474576271187,54.0
FMETF,8.47457627118645,11.864406779661017,12.542372881355938,20.33898305084746,49.49152542372882,13.91525423728814,55.0
PAX,14.576271186440678,13.559322033898306,20.677966101694917,1.6949152542372907,24.74576271186441,13.542372881355934,56.0
GREEN,17.288135593220346,15.593220338983045,20.000000000000007,-1.6949152542372872,83.72881355932203,13.203389830508478,57.0
PHR,7.796610169491526,10.16949152542373,10.508474576271189,20.0,23.389830508474578,12.52542372881356,58.0
SLF,15.593220338983045,10.847457627118636,16.94915254237287,5.423728813559315,63.72881355932203,12.406779661016941,59.0
DFNN,7.118644067796611,15.254237288135592,10.508474576271185,14.576271186440676,17.627118644067796,12.372881355932202,60.0
I,4.067796610169488,9.830508474576263,9.830508474576263,21.355932203389823,50.16949152542372,12.135593220338976,61.0
CBC,-0.33898305084744607,0.0,-3.7288135593220204,53.22033898305086,81.35593220338984,11.779661016949161,62.0
APL,-3.3898305084745886,-2.0338983050847474,6.101694915254228,40.338983050847446,95.25423728813558,11.677966101694906,63.0
IPO,7.457627118644069,9.830508474576277,11.525423728813564,14.237288135593232,87.79661016949153,11.37288135593221,64.0
MACAY,19.661016949152547,15.254237288135597,9.15254237288136,6.101694915254242,31.186440677966104,10.96610169491526,65.0
CTS,17.6271186440678,13.220338983050851,2.7118644067796644,18.98305084745763,29.830508474576273,10.898305084745767,66.0
EMI,9.83050847457627,14.237288135593225,10.508474576271183,8.135593220338983,70.84745762711864,10.779661016949152,67.0
SGI,27.45762711864407,11.525423728813564,10.169491525423723,3.7288135593220346,78.30508474576271,10.627118644067796,68.0
COL,0.33898305084745317,17.288135593220336,0.0,22.711864406779654,43.050847457627114,10.033898305084744,69.0
OPM,10.847457627118644,23.050847457627114,7.457627118644055,0.6779661016949206,91.86440677966101,9.999999999999995,70.0
FRUIT,4.406779661016955,8.47457627118645,3.050847457627114,24.406779661016955,80.33898305084746,9.881355932203393,71.0
FFI,2.711864406779661,10.169491525423737,9.830508474576277,10.84745762711865,53.22033898305085,9.457627118644075,72.0
XG,37.62711864406779,10.169491525423723,5.762711864406782,3.38983050847456,75.59322033898304,9.457627118644062,73.0
EEI,-9.152542372881356,12.203389830508474,15.593220338983052,4.067796610169491,22.372881355932204,9.389830508474578,74.0
ACE,4.4067796610169445,7.796610169491522,8.813559322033896,13.898305084745761,35.25423728813559,9.389830508474574,75.0
ORE,-0.33898305084744607,5.0847457627118615,8.81355932203391,17.627118644067792,92.88135593220339,9.169491525423734,76.0
BKR,11.186440677966102,14.576271186440678,10.508474576271187,0.0,15.254237288135593,8.966101694915256,77.0
SPM,9.83050847457627,10.84745762711864,0.33898305084745317,20.338983050847453,34.91525423728813,8.915254237288131,78.0
COAL,50.847457627118644,9.491525423728817,-4.745762711864401,13.220338983050844,74.23728813559322,8.86440677966102,79.0
AUB,5.084745762711865,7.118644067796609,-1.0169491525423737,27.796610169491526,35.59322033898305,8.83050847457627,80.0
HOME,5.423728813559324,7.118644067796611,6.779661016949154,13.559322033898306,14.915254237288137,8.423728813559324,81.0
FYN,4.406779661016948,10.50847457627119,7.118644067796609,9.830508474576277,52.88135593220339,8.372881355932204,82.0
JAS,-0.6779661016949206,8.135593220338976,10.508474576271169,8.135593220338976,91.18644067796609,8.203389830508463,83.0
MA,20.33898305084746,4.7457627118644155,14.915254237288138,-4.7457627118644155,85.76271186440678,8.000000000000002,84.0
TLII,2.711864406779661,10.847457627118644,6.440677966101688,9.49152542372881,57.79661016949152,7.932203389830505,95.5
TLJJ,2.711864406779661,10.847457627118644,6.440677966101688,9.49152542372881,57.79661016949152,7.932203389830505,95.5
CYBR,2.711864406779661,10.847457627118644,6.440677966101688,9.49152542372881,57.79661016949152,7.932203389830505,95.5
MGH,2.711864406779661,10.847457627118644,6.440677966101688,9.49152542372881,57.79661016949152,7.932203389830505,95.5
MJC,2.711864406779661,10.847457627118644,6.440677966101688,9.49152542372881,57.79661016949152,7.932203389830505,95.5
MJIC,2.711864406779661,10.847457627118644,6.440677966101688,9.49152542372881,57.79661016949152,7.932203389830505,95.5
PNC,2.711864406779661,10.847457627118644,6.440677966101688,9.49152542372881,57.79661016949152,7.932203389830505,95.5
NXGEN,2.711864406779661,10.847457627118644,6.440677966101688,9.49152542372881,57.79661016949152,7.932203389830505,95.5
BMM,2.711864406779661,10.847457627118644,6.440677966101688,9.49152542372881,57.79661016949152,7.932203389830505,95.5
BH,2.711864406779661,10.847457627118644,6.440677966101688,9.49152542372881,57.79661016949152,7.932203389830505,95.5
MWP,2.711864406779661,10.847457627118644,6.440677966101688,9.49152542372881,57.79661016949152,7.932203389830505,95.5
EG,2.711864406779661,10.847457627118644,6.440677966101688,9.49152542372881,57.79661016949152,7.932203389830505,95.5
DMPI,2.711864406779661,10.847457627118644,6.440677966101688,9.49152542372881,57.79661016949152,7.932203389830505,95.5
AAA,2.711864406779661,10.847457627118644,6.440677966101688,9.49152542372881,57.79661016949152,7.932203389830505,95.5
DNA,2.711864406779661,10.847457627118644,6.440677966101688,9.49152542372881,57.79661016949152,7.932203389830505,95.5
DTEL,2.711864406779661,10.847457627118644,6.440677966101688,9.49152542372881,57.79661016949152,7.932203389830505,95.5
PTT,2.711864406779661,10.847457627118644,6.440677966101688,9.49152542372881,57.79661016949152,7.932203389830505,95.5
PORT,2.711864406779661,10.847457627118644,6.440677966101688,9.49152542372881,57.79661016949152,7.932203389830505,95.5
PNX,2.711864406779661,10.847457627118644,6.440677966101688,9.49152542372881,57.79661016949152,7.932203389830505,95.5
ROX,2.711864406779661,10.847457627118644,6.440677966101688,9.49152542372881,57.79661016949152,7.932203389830505,95.5
AR,2.711864406779661,10.847457627118644,6.440677966101688,9.49152542372881,57.79661016949152,7.932203389830505,95.5
2GO,2.711864406779661,10.847457627118644,6.440677966101688,9.49152542372881,57.79661016949152,7.932203389830505,95.5
BCB,2.711864406779654,11.525423728813557,-4.406779661016948,25.08474576271186,51.52542372881356,7.661016949152541,107.0
CREC,32.54237288135593,29.49152542372881,4.745762711864401,-19.66101694915254,52.20338983050847,7.610169491525422,108.0
GMA7,1.0169491525423666,2.0338983050847474,5.762711864406782,18.64406779661018,82.37288135593221,7.576271186440682,109.0
PSB,21.355932203389834,-3.3898305084745743,9.83050847457627,9.152542372881364,50.50847457627119,7.508474576271189,110.0
FOOD,-12.54237288135593,-16.61016949152541,-6.101694915254228,60.00000000000001,77.28813559322035,7.1525423728813635,111.0
BC,0.6779661016949206,0.33898305084744607,3.7288135593220346,22.033898305084747,97.96610169491525,7.152542372881355,112.0
ION,2.3728813559322077,2.3728813559322077,14.237288135593218,2.3728813559322077,89.15254237288136,7.118644067796612,113.0
PERC,37.62711864406779,14.576271186440671,-5.762711864406768,7.457627118644069,76.27118644067797,6.966101694915258,114.0
PAL,-6.4406779661016955,-1.355932203389827,11.1864406779661,13.220338983050844,32.54237288135593,6.796610169491525,115.0
HOUSE,3.7288135593220346,8.81355932203391,7.4576271186440835,4.406779661016955,75.2542372881356,6.661016949152553,116.0
PSE,5.423728813559315,11.186440677966104,7.118644067796609,1.355932203389827,67.11864406779661,6.525423728813558,117.0
UBP,-11.52542372881356,-4.745762711864405,11.86440677966102,15.593220338983052,28.8135593220339,6.305084745762714,118.0
LMG,1.6949152542372872,11.52542372881355,7.118644067796609,1.355932203389827,66.44067796610169,6.237288135593216,119.0
BEL,-20.67796610169492,-1.355932203389834,10.508474576271187,17.288135593220343,38.30508474576271,6.11864406779661,120.0
CEU,-1.694915254237273,12.542372881355938,6.779661016949163,1.6949152542373014,72.20338983050848,6.101694915254248,121.0
ATNB,-2.3728813559322077,3.050847457627121,5.423728813559315,11.525423728813557,44.06779661016949,5.576271186440675,122.0
CLI,17.966101694915253,9.491525423728817,-4.406779661016955,12.203389830508478,65.76271186440678,5.457627118644067,123.0
ANS,-5.0847457627118615,3.728813559322049,-3.050847457627114,24.406779661016955,80.67796610169492,5.305084745762719,124.0
LAND,11.1864406779661,2.711864406779661,0.3389830508474567,12.542372881355934,30.508474576271187,5.067796610169491,125.0
PBB,2.372881355932204,5.7627118644067785,9.83050847457627,-2.372881355932204,28.135593220338983,5.016949152542372,126.0
TUGS,4.067796610169491,16.271186440677965,6.101694915254235,-7.796610169491526,25.76271186440678,4.966101694915253,127.0
STN,9.491525423728813,16.61016949152542,10.169491525423723,-17.28813559322034,41.35593220338983,4.847457627118642,128.0
TFHI,21.016949152542367,14.576271186440675,18.983050847457623,-34.57627118644068,32.20338983050847,4.694915254237284,129.0
EURO,-8.813559322033882,17.6271186440678,6.101694915254242,-5.423728813559322,73.22033898305085,4.610169491525428,130.0
ARA,6.101694915254237,2.372881355932204,5.76271186440678,4.067796610169491,11.186440677966102,4.525423728813561,131.0
MRSGI,10.847457627118644,7.457627118644069,8.135593220338983,-6.779661016949156,46.440677966101696,4.508474576271186,132.0
SFI,0.6779661016949206,-8.813559322033896,7.457627118644069,12.542372881355938,44.74576271186441,3.9830508474576307,133.0
DHI,0.0,0.0,0.0,15.593220338983073,99.66101694915255,3.8983050847457683,134.0
AB,4.067796610169492,3.389830508474577,3.7288135593220346,4.067796610169492,5.084745762711865,3.7627118644067803,135.0
NRCP,22.71186440677966,25.762711864406775,19.322033898305083,-51.186440677966104,37.96610169491525,3.6440677966101696,136.0
IMP,-3.7288135593220346,8.13559322033899,-1.355932203389841,7.118644067796609,94.23728813559322,2.89830508474576,137.0
SGP,2.0338983050847474,1.6949152542373014,5.762711864406782,-0.33898305084744607,93.55932203389831,2.8474576271186516,138.0
HVN,2.711864406779661,2.711864406779661,2.3728813559322033,3.389830508474576,4.067796610169491,2.7457627118644066,139.5
ALLDY,-2.3728813559322033,1.35593220338983,4.067796610169491,4.067796610169491,4.406779661016949,2.7457627118644066,139.5
CAB,-0.3389830508474745,5.423728813559308,2.711864406779654,1.355932203389827,67.79661016949152,2.7457627118643977,141.0
SHLPH,0.6779661016949206,0.6779661016949206,1.355932203389827,7.457627118644069,98.98305084745763,2.6440677966101704,142.0
MER,-1.0169491525423808,7.796610169491515,-2.711864406779668,7.457627118644055,78.98305084745762,2.627118644067787,143.0
MWC,17.966101694915253,14.237288135593225,-3.050847457627114,-6.440677966101703,77.96610169491525,2.5254237288135597,144.0
EW,-2.372881355932222,2.0338983050847474,-2.0338983050847474,12.20338983050847,86.10169491525423,2.5084745762711833,145.0
AC,0.3389830508474603,-13.898305084745772,-14.576271186440678,46.77966101694915,65.42372881355932,2.4237288135593182,146.0
TBGI,3.389830508474578,14.576271186440678,9.152542372881355,-22.033898305084744,21.35593220338983,2.1355932203389836,147.0
LOTO,-2.3728813559322015,1.3559322033898313,2.3728813559322037,4.067796610169492,6.101694915254238,2.0677966101694922,148.0
ALTER,-2.033898305084744,9.830508474576272,-3.389830508474576,4.067796610169491,13.898305084745763,1.9152542372881358,149.0
PGOLD,10.847457627118644,-2.0338983050847474,1.6949152542372872,2.0338983050847474,77.62711864406779,1.7627118644067794,150.0
CEI,16.27118644067795,8.135593220338976,-5.423728813559336,0.0,82.03389830508473,1.4915254237288043,151.0
MFC,1.6949152542372872,5.423728813559322,2.711864406779654,-4.7457627118644155,75.9322033898305,1.423728813559317,152.0
GSMI,4.067796610169495,6.440677966101703,6.779661016949156,-14.576271186440678,48.47457627118644,1.0847457627118686,153.0
FILRT,-5.423728813559322,-5.423728813559322,4.067796610169495,5.0847457627118615,36.271186440677965,1.0000000000000009,154.0
DELM,-1.355932203389827,2.3728813559322077,0.3389830508474603,1.355932203389827,94.91525423728814,0.9322033898305101,155.0
V,25.084745762711876,12.881355932203405,-1.0169491525423666,-17.627118644067792,68.13559322033899,0.9152542372881447,156.0
SMC,0.0,27.45762711864407,19.322033898305087,-55.254237288135585,29.491525423728817,0.7796610169491558,157.0
NIKL,1.355932203389827,1.355932203389827,-0.33898305084744607,1.6949152542373014,96.94915254237289,0.7627118644067863,158.0
AT,4.406779661016941,1.0169491525423666,-1.355932203389841,1.694915254237273,97.28813559322033,0.5762711864406677,159.0
FNI,0.6779661016949206,2.372881355932222,-0.33898305084744607,0.0,97.6271186440678,0.525423728813569,160.0
ANI,-12.542372881355945,9.15254237288135,3.050847457627114,-7.118644067796609,71.86440677966101,0.4745762711864363,161.0
RRHI,-12.203389830508478,-5.762711864406775,-9.15254237288135,27.11864406779661,62.71186440677966,0.457627118644071,162.0
ABS,-7.796610169491522,9.152542372881356,4.745762711864401,-12.20338983050847,42.3728813559322,0.35593220338982956,163.0
JOH,-2.0338983050847457,-20.677966101694913,8.8135593220339,7.457627118644069,12.203389830508476,0.01694915254237417,164.0
SRDC,0.0,0.0,0.0,0.0,100.0,0.0,165.0
APX,-0.3389830508474603,-0.3389830508474603,0.3389830508474603,-0.3389830508474603,98.64406779661017,-0.06779661016949207,166.0
SOC,1.6949152542372872,-8.135593220338983,-3.389830508474578,12.542372881355933,26.440677966101696,-0.08474576271186507,167.0
WEB,0.0,0.0,0.0,-0.3389830508474745,99.32203389830508,-0.08474576271186862,168.0
REDC,-1.0169491525423666,1.6949152542372872,3.7288135593220346,-7.7966101694915295,81.69491525423729,-0.13559322033898313,169.0
PHN,7.796610169491526,11.525423728813559,-8.8135593220339,-1.6949152542372907,26.779661016949152,-0.28813559322034044,170.0
ICT,-0.6779661016949206,0.6779661016949206,-1.355932203389827,-0.6779661016949206,93.89830508474576,-0.6101694915254228,171.0
VMC,11.525423728813564,17.966101694915256,-19.999999999999993,6.779661016949156,46.779661016949156,-0.661016949152538,172.0
RFM,-1.6949152542372872,1.6949152542372872,-5.762711864406768,5.423728813559322,85.42372881355932,-0.6949152542372836,173.0
VITA,-19.322033898305087,6.101694915254235,-4.067796610169495,5.0847457627118615,42.03389830508474,-0.7627118644067825,174.0
ABG,0.3389830508474576,0.0,-1.0169491525423728,-1.694915254237288,1.0169491525423728,-0.7966101694915254,175.0
OGP,-0.3389830508474603,-1.6949152542372872,0.0,-2.3728813559322077,96.27118644067797,-1.0508474576271198,176.0
PX,-1.6949152542372872,-4.406779661016955,3.3898305084745743,-6.101694915254242,92.20338983050847,-1.4406779661016984,177.0
FERRO,0.0,0.0,-0.3389830508474576,-6.101694915254237,0.3389830508474576,-1.6610169491525424,178.0
BCP,-2.711864406779654,0.6779661016949206,1.0169491525423808,-8.474576271186436,86.4406779661017,-1.813559322033892,179.0
GEO,13.559322033898308,14.915254237288138,5.762711864406782,-38.30508474576271,19.322033898305087,-2.1864406779661003,180.0
DMC,8.474576271186441,6.779661016949153,3.7288135593220346,-25.084745762711865,13.220338983050848,-2.2372881355932197,181.0
DITO,-2.0338983050847457,-2.711864406779662,-3.0508474576271185,-0.6779661016949152,3.389830508474576,-2.2711864406779663,182.0
ACR,-4.745762711864401,-2.0338983050847474,-13.220338983050851,14.237288135593218,83.38983050847457,-2.7118644067796636,183.0
PPC,-1.355932203389827,-1.6949152542373014,-3.728813559322049,-2.711864406779668,84.7457627118644,-2.7288135593220444,184.0
C,-0.3389830508474585,-3.389830508474578,-2.372881355932204,-4.067796610169491,8.47457627118644,-2.847457627118645,185.0
APO,-0.6779661016949063,-2.3728813559322077,-4.406779661016955,-1.6949152542372872,94.57627118644068,-2.8474576271186463,186.0
HI,-3.7288135593220346,0.0,-5.0847457627118615,-2.3728813559321935,89.83050847457628,-2.9999999999999964,187.0
MAH,-10.847457627118644,-1.6949152542372872,1.6949152542372872,-9.491525423728813,17.28813559322034,-3.2033898305084745,188.0
RLT,6.1016949152542335,-17.288135593220343,-4.745762711864408,7.457627118644066,21.01694915254237,-3.7457627118644092,189.0
FDC,-8.47457627118644,-7.796610169491519,8.135593220338986,-17.62711864406779,24.40677966101695,-3.949152542372876,190.0
IMI,-3.3898305084745743,-2.711864406779668,-2.3728813559321935,-8.474576271186436,90.84745762711864,-4.084745762711861,191.0
TEL,-1.0169491525423666,1.0169491525423808,-9.491525423728802,-2.0338983050847474,66.10169491525424,-4.152542372881349,192.0
PRMX,-11.525423728813557,-8.8135593220339,-2.372881355932204,-5.423728813559324,9.491525423728813,-5.661016949152543,193.0
UPM,-9.152542372881356,-8.47457627118645,-1.6949152542372872,-7.7966101694915295,83.05084745762711,-5.661016949152545,194.0
PRC,-5.0847457627118615,2.711864406779668,3.3898305084745814,-29.83050847457627,39.66101694915255,-5.932203389830504,195.0
SBS,-0.3389830508474567,-2.0338983050847474,-10.16949152542373,-5.423728813559322,16.610169491525422,-5.966101694915255,196.0
LSC,-18.644067796610173,-30.508474576271183,2.711864406779661,9.491525423728817,45.42372881355932,-6.033898305084744,197.0
ALLHC,-10.847457627118644,-5.084745762711865,-6.440677966101692,-4.745762711864408,25.423728813559322,-6.118644067796609,198.0
TECH,5.423728813559322,-3.389830508474576,-0.6779661016949152,-23.72881355932203,8.135593220338983,-6.508474576271186,199.0
CSB,10.16949152542373,2.0338983050847403,-2.711864406779654,-28.81355932203389,53.898305084745765,-6.762711864406776,200.0
WLCON,-7.118644067796609,-11.864406779661017,-6.101694915254237,-3.389830508474576,5.423728813559322,-6.966101694915254,201.0
MB,-1.355932203389834,-22.372881355932208,-8.474576271186443,7.796610169491522,16.94915254237288,-7.169491525423732,202.0
ELI,4.745762711864408,3.0508474576271176,-14.915254237288131,-10.16949152542373,27.45762711864407,-7.271186440677965,203.0
MED,-25.762711864406782,-4.406779661016948,-6.4406779661016955,-4.406779661016948,12.54237288135593,-7.3559322033898304,204.0
PIZZA,-13.559322033898304,-25.762711864406775,-6.440677966101688,11.86440677966102,37.6271186440678,-7.406779661016945,205.0
SLI,6.4406779661016955,6.4406779661016955,5.084745762711865,-46.779661016949156,10.16949152542373,-7.40677966101695,206.0
DDMPR,-22.033898305084747,-18.98305084745762,1.355932203389834,-4.067796610169488,40.33898305084746,-7.423728813559318,207.0
LC,-5.423728813559322,-7.118644067796609,-6.779661016949149,-10.169491525423723,87.11864406779661,-7.576271186440675,208.0
PRIM,0.6779661016949152,-3.0508474576271185,-15.254237288135592,-3.389830508474577,2.711864406779661,-7.6440677966101696,209.0
X,6.440677966101688,-15.254237288135599,2.3728813559321935,-22.711864406779668,69.83050847457626,-7.89830508474577,210.0
CIC,0.3389830508474567,-3.7288135593220346,3.7288135593220346,-34.23728813559322,27.796610169491526,-7.966101694915253,211.0
BLOOM,-2.711864406779661,-11.864406779661017,-10.847457627118644,-2.033898305084746,1.694915254237288,-8.084745762711865,212.0
MEDIC,-8.813559322033898,-11.525423728813559,-4.40677966101695,-11.1864406779661,4.745762711864407,-8.322033898305085,213.0
UPSON,9.152542372881356,-8.135593220338976,-23.72881355932202,8.13559322033899,49.83050847457628,-8.576271186440668,214.0
CREIT,-1.3559322033898304,1.355932203389834,-2.372881355932204,-31.525423728813557,28.474576271186443,-8.627118644067796,215.0
FPH,-13.559322033898312,-7.7966101694915295,-4.7457627118644155,-14.576271186440692,64.7457627118644,-8.847457627118654,216.0
LPZ,-5.762711864406768,-9.491525423728817,-11.52542372881355,-5.423728813559322,71.1864406779661,-8.915254237288131,217.0
GERI,3.7288135593220346,-9.830508474576263,-6.440677966101703,-17.288135593220332,72.88135593220339,-8.983050847457626,218.0
SPC,-9.491525423728817,-8.813559322033896,-10.508474576271198,-7.7966101694915295,80.0,-9.305084745762716,219.0
IDC,-9.152542372881353,-3.3898305084745752,-16.271186440677965,-4.406779661016949,7.457627118644068,-9.372881355932202,220.0
PA,-20.33898305084746,-13.898305084745765,-3.7288135593220346,-9.83050847457627,16.271186440677965,-9.45762711864407,221.0
CHP,-1.0169491525423733,-5.423728813559323,-7.796610169491526,-20.677966101694913,2.0338983050847457,-9.745762711864407,222.0
BHI,-11.1864406779661,-15.254237288135592,-10.169491525423727,-3.0508474576271185,6.440677966101695,-9.762711864406779,223.0
JGS,-5.423728813559308,-9.830508474576277,-14.237288135593218,-6.440677966101688,78.64406779661017,-10.30508474576271,224.0
KEEPR,-5.084745762711865,-11.186440677966104,-3.7288135593220346,-22.372881355932197,18.64406779661017,-10.389830508474574,225.0
MAB,-1.6949152542372872,-4.067796610169495,-12.203389830508485,-18.98305084745762,69.15254237288136,-10.813559322033901,226.0
MAC,-28.13559322033899,-20.67796610169492,7.118644067796609,-25.084745762711876,45.08474576271186,-11.406779661016955,227.0
FCG,8.474576271186443,-9.15254237288136,-30.169491525423734,7.796610169491526,31.52542372881356,-11.559322033898308,228.0
ASLAG,-5.762711864406782,-34.23728813559322,-5.762711864406782,-1.0169491525423737,23.050847457627118,-11.694915254237289,229.0
RCB,-4.067796610169495,1.6949152542372872,-8.813559322033896,-33.559322033898304,27.11864406779661,-11.898305084745763,230.0
AGI,-11.52542372881355,-18.983050847457633,-15.254237288135585,-1.0169491525423666,71.52542372881356,-12.254237288135588,231.0
MREIT,-20.0,-20.33898305084746,-12.542372881355924,-1.0169491525423737,42.71186440677966,-12.355932203389829,232.0
LFM,-5.423728813559336,-5.0847457627118615,-14.576271186440692,-18.983050847457633,76.94915254237287,-12.389830508474585,233.0
SMPH,-11.52542372881356,-8.8135593220339,-3.0508474576271194,-31.864406779661017,10.847457627118644,-12.542372881355934,234.0
ATN,-12.881355932203393,-7.796610169491528,-11.186440677966102,-20.0,11.525423728813559,-12.711864406779663,235.0
BCOR,12.542372881355924,18.983050847457623,-14.576271186440685,-51.864406779661024,41.01694915254237,-12.796610169491533,236.0
CNVRG,-25.762711864406775,-5.76271186440678,-5.084745762711865,-27.11864406779661,9.152542372881356,-12.830508474576272,237.0
LBC,1.355932203389827,1.355932203389827,-9.830508474576273,-38.64406779661017,21.694915254237287,-13.118644067796613,238.0
CDC,3.7288135593220346,-5.762711864406775,-31.525423728813557,2.0338983050847474,29.152542372881356,-13.169491525423727,239.0
SM,-10.169491525423728,-16.94915254237288,-13.559322033898306,-10.169491525423728,9.830508474576272,-13.220338983050848,240.0
REG,-30.16949152542373,-5.084745762711869,-10.16949152542373,-20.000000000000007,46.101694915254235,-13.355932203389836,241.0
ALI,-5.084745762711864,-9.830508474576273,-14.576271186440682,-19.661016949152543,5.762711864406779,-13.711864406779664,242.0
RLC,-12.881355932203405,-14.576271186440678,-16.610169491525426,-9.830508474576277,73.5593220338983,-14.033898305084751,243.0
SECB,-22.033898305084747,-28.813559322033896,-24.745762711864415,20.0,47.45762711864407,-14.305084745762713,244.0
GLO,2.0338983050847474,-29.83050847457627,-23.728813559322035,9.491525423728813,39.32203389830509,-14.372881355932204,245.0
FLI,-12.881355932203391,-4.406779661016955,-7.118644067796609,-36.949152542372886,34.23728813559322,-14.474576271186443,246.0
MEG,-4.406779661016948,-15.932203389830498,-17.28813559322034,-13.220338983050844,63.05084745762712,-14.644067796610166,247.0
FEU,-18.64406779661016,16.949152542372886,-33.5593220338983,-16.61016949152541,40.67796610169492,-15.203389830508467,248.0
LPC,-4.067796610169491,-26.779661016949152,-0.3389830508474576,-32.88135593220339,2.3728813559322033,-15.457627118644067,249.0
PBC,-8.47457627118644,-30.50847457627118,-9.491525423728813,-13.898305084745761,24.06779661016949,-15.745762711864405,250.0
JFC,-19.32203389830508,-15.254237288135592,-24.406779661016948,-2.0338983050847474,22.71186440677966,-16.016949152542374,251.0
ALCO,-13.220338983050851,-14.576271186440678,-28.474576271186436,0.0,64.0677966101695,-16.355932203389827,252.0
ABA,-48.474576271186436,-49.4915254237288,-9.152542372881356,17.966101694915256,20.33898305084746,-16.389830508474574,253.0
PTC,1.016949152542372,5.7627118644067785,1.6949152542372872,-75.9322033898305,12.88135593220339,-16.76271186440678,254.0
MWIDE,-7.118644067796609,-14.237288135593218,-19.322033898305094,-19.322033898305094,70.50847457627118,-16.830508474576277,255.0
MONDE,-12.542372881355938,-34.57627118644067,-32.54237288135594,23.050847457627114,33.220338983050844,-17.15254237288136,256.0
FB,-21.016949152542374,-22.3728813559322,-6.101694915254235,-29.830508474576263,38.64406779661017,-17.593220338983045,257.0
ACEN,12.542372881355934,-35.59322033898306,1.355932203389834,-43.050847457627114,34.57627118644068,-17.864406779661017,258.0
PHES,14.915254237288146,-20.33898305084746,-30.508474576271183,-9.83050847457627,51.864406779661024,-18.25423728813559,259.0
MG,-44.7457627118644,-30.508474576271183,-21.355932203389827,8.135593220338983,23.728813559322035,-18.61016949152542,260.0
APVI,-33.220338983050844,-24.067796610169488,-27.118644067796602,3.050847457627121,37.28813559322034,-19.423728813559315,261.0
INFRA,-13.898305084745758,-24.406779661016955,-20.67796610169492,-15.932203389830505,65.08474576271186,-19.74576271186441,262.0
BDO,4.406779661016947,-10.169491525423728,-33.898305084745765,-20.33898305084746,10.508474576271185,-20.74576271186441,263.0
RCR,-13.898305084745761,-6.440677966101692,-7.796610169491526,-58.64406779661017,19.661016949152543,-20.779661016949152,264.0
URC,-16.610169491525426,-42.71186440677966,-27.118644067796602,9.491525423728817,30.16949152542373,-20.813559322033896,265.0
AEV,-19.999999999999986,-23.728813559322035,-29.830508474576263,-4.406779661016941,47.79661016949153,-20.966101694915245,266.0
CPG,22.372881355932208,-18.305084745762706,-25.762711864406775,-33.559322033898304,48.8135593220339,-21.03389830508474,267.0
CNPF,5.423728813559322,-11.864406779661014,-19.661016949152547,-43.389830508474574,20.0,-21.135593220338983,268.0
SSI,0.6779661016949157,-5.42372881355932,-36.94915254237288,-24.74576271186441,3.050847457627119,-22.25423728813559,269.0
NOW,-8.47457627118644,-14.237288135593218,0.677966101694917,-73.5593220338983,18.305084745762713,-22.525423728813557,270.0
MAXS,-27.796610169491522,-36.61016949152542,-17.28813559322034,-17.28813559322034,15.593220338983052,-23.16949152542373,271.0
MRC,-34.237288135593225,-29.15254237288135,-17.6271186440678,-28.813559322033903,44.40677966101695,-24.96610169491526,272.0
DNL,-10.847457627118644,-17.288135593220336,-49.83050847457628,0.3389830508474576,7.796610169491526,-25.254237288135595,273.0
ECVC,-4.067796610169491,-1.355932203389834,-54.915254237288124,-15.254237288135595,22.033898305084744,-26.52542372881356,274.0
IS,-0.3389830508474585,4.067796610169491,-25.76271186440678,-76.94915254237289,6.779661016949152,-28.559322033898308,275.0
BNCOM,-26.77966101694915,-26.101694915254242,-28.474576271186436,-34.915254237288124,51.186440677966104,-29.322033898305083,276.0
BALAI,9.83050847457627,-11.86440677966102,-59.66101694915255,-14.915254237288131,18.983050847457626,-29.576271186440685,277.0
COSCO,-26.101694915254242,-30.169491525423737,-22.372881355932208,-42.03389830508475,35.932203389830505,-29.61016949152543,278.0
PNB,-24.067796610169488,-21.69491525423728,-33.55932203389829,-33.898305084745765,52.54237288135594,-29.728813559322028,279.0
PHA,-27.45762711864407,-53.559322033898304,-18.983050847457626,-27.45762711864407,7.118644067796611,-30.593220338983052,280.0
RCI,-0.3389830508474576,-13.220338983050848,-62.71186440677967,-10.847457627118645,1.3559322033898304,-31.135593220338986,281.0
MBT,-29.83050847457627,-44.406779661016955,-44.406779661016955,-5.084745762711869,33.89830508474576,-33.118644067796616,282.0
AREIT,-6.779661016949152,-13.559322033898304,-45.08474576271187,-50.16949152542372,14.576271186440678,-34.64406779661017,283.0
LTG,-27.457627118644062,-32.54237288135594,-36.94915254237288,-42.71186440677966,36.94915254237288,-36.33898305084746,284.0
ZHI,1.3559322033898296,-20.67796610169492,-49.152542372881356,-47.79661016949152,8.813559322033898,-36.64406779661017,285.0
BPI,-10.169491525423728,-30.508474576271183,-53.22033898305085,-40.33898305084745,3.728813559322034,-40.016949152542374,286.0
BRN,-26.101694915254228,-44.40677966101694,-43.728813559322035,-52.20338983050847,45.76271186440678,-44.254237288135585,287.0
GTCAP,-13.559322033898304,-38.98305084745763,-49.152542372881356,-55.593220338983045,14.237288135593221,-44.66101694915254,288.0
CEB,-20.0,-51.525423728813564,-67.11864406779661,-43.72881355932204,15.932203389830507,-52.66101694915255,289.0
GPH,-64.0677966101695,-61.694915254237294,-54.576271186440685,-44.74576271186441,20.677966101694913,-54.84745762711866,290.0
MHC,-61.694915254237294,-57.28813559322034,-83.38983050847457,-6.101694915254239,13.559322033898304,-55.37288135593221,291.0
PMPC,-9.152542372881356,-46.44067796610169,-68.47457627118645,-78.64406779661017,17.966101694915253,-59.57627118644068,292.0
DIZ,-58.30508474576271,-59.32203389830508,-60.0,-65.08474576271188,31.864406779661014,-60.932203389830505,293.0
TFC,-78.64406779661017,-74.91525423728812,-64.06779661016948,-52.20338983050848,0.6779661016949152,-65.27118644067795,294.0
ATI,-76.94915254237287,-75.59322033898306,-80.33898305084745,-82.37288135593221,11.864406779661017,-79.32203389830508,295.0
EGRN,,,,,,,
MYNLD,,,,,,,
TOP,,,,,,,
