symbol,rs_date,RS_20d,RS_60d,RS_120d,RS_180d,RS_250d,RS_20d_z,RS_60d_z,RS_120d_z,RS_180d_z,RS_250d_z,RS_Score,RS_Rating
2GO,2026-03-13,1.0443275456503245,0.9684783778939879,0.9858577200539399,1.046125141486694,1.005538467288979,0.24303726081197452,-0.10958039693256832,-0.06748567782019263,-0.09344239859160443,-0.1058021562226712,-0.06000061560534277,57.79661016949152
AAA,2026-03-13,1.0443275456503245,0.9684783778939879,0.9858577200539399,1.046125141486694,1.005538467288979,0.24303726081197452,-0.10958039693256832,-0.06748567782019263,-0.09344239859160443,-0.1058021562226712,-0.06000061560534277,57.79661016949152
AB,2026-03-13,1.0182193570090663,0.9442664184466383,0.5032519775144458,0.5828411502568724,0.37136363848740706,-0.03225038263054362,-0.15597061030987905,-0.4639762032094013,-0.4435572834354593,-0.6008358052352468,-0.3448470996307473,5.084745762711865
ABA,2026-03-13,1.0443275456503245,0.9055901715372355,0.6825168831142661,0.579392386054169,1.1491868197588333,0.24303726081197452,-0.230074457652856,-0.3166989739101601,-0.446163597714694,0.006329017813639392,-0.21217672156309228,20.33898305084746
ABG,2026-03-13,0.9943403280706841,0.6015190600252955,0.5570758402761611,0.5877466443772572,0.564943749560831,-0.2840335183535184,-0.8126759515794053,-0.4197565643949652,-0.4398500832265733,-0.44972815414472905,-0.5325745181749387,1.0169491525423728
ABS,2026-03-13,1.0443275456503245,0.9787813393609454,0.9389121143370857,0.8833945639220973,0.8147219990827549,0.24303726081197452,-0.0898398806017976,-0.10605440221506851,-0.21642182050808392,-0.2547525217335912,-0.11065908101476442,42.3728813559322
AC,2026-03-13,0.9903595763828099,1.121599184319211,1.0416234092691121,0.9164546884380922,0.9340970131299042,-0.3260070066847982,0.18379969475387908,-0.0216707082359765,-0.19143748712519537,-0.16156899233309208,-0.04540131557631311,65.42372881355932
ACE,2026-03-13,1.0443275456503245,0.9684783778939879,0.8450209029033772,0.8425168924725053,0.8098296380850839,0.24303726081197452,-0.10958039693256832,-0.1831918510048203,-0.24731406263858982,-0.25857147386945667,-0.14261688935791458,35.25423728813559
ACEN,2026-03-13,0.9811475873725467,0.923026324057808,1.0710553007993422,1.0622193744326431,0.9185541708106938,-0.4231392428923394,-0.19666671807409034,0.0025094146001378038,-0.08127959862184281,-0.17370165607164811,-0.14299775419654237,34.57627118644068
ACR,2026-03-13,0.9137866024440339,1.3121319958563706,1.2421807272679644,1.1363083433389953,1.333661546088541,-1.1334009564006127,0.5488613413260364,0.14309955737582994,-0.02528877807138797,0.15032905183921738,0.10458479826331213,83.38983050847457
AEV,2026-03-13,0.9479758970933004,1.153851192412759,0.9715237628964513,0.9129275197523367,0.9584038516348082,-0.7729052328449353,0.2455946742374674,-0.07926191192460548,-0.19410305356309449,-0.1425951977033356,-0.08363748936252394,47.79661016949153
AGI,2026-03-13,0.9676255225234645,1.089372112308738,1.0735768000587393,1.0092030776695167,1.374235905294938,-0.5657173978892067,0.12205249290750195,0.0045809825033006285,-0.1213452926398813,0.18200119047052582,-0.015779626248242317,71.52542372881356
ALCO,2026-03-13,0.9769515749632066,1.0275319375216703,1.0090543722905032,1.0112543034371377,1.3886007405419236,-0.4673824642009751,0.0035664649633119316,-0.04842819047213628,-0.1197951318594214,0.19321430787415703,-0.05275223473989873,64.0677966101695
ALHI,2026-03-13,1.0443275456503245,0.9684783778939879,0.8497259190665363,1.0598178789407084,0.7782867736816699,0.24303726081197452,-0.10958039693256832,-0.17932638864898642,-0.08309446668015795,-0.2831936735481145,-0.1124999345290684,41.69491525423729
ALI,2026-03-13,0.9578481217732275,0.8611727923620719,0.7351238274732923,0.7284415507263967,0.8540313260292945,-0.6688113983390257,-0.3151783379099458,-0.27347910897802197,-0.33352354946531976,-0.2240678608564838,-0.33011930747292834,5.762711864406779
ALLDY,2026-03-13,0.986309348669751,1.0290082765123623,0.5237369137786556,0.3592753011166424,0.3384980978992604,-0.3687130579491746,0.0063951365107088156,-0.4471465585822524,-0.6125113872001218,-0.6264904792229646,-0.36321525381073694,4.406779661016949
ALLHC,2026-03-13,0.9979129880658655,0.9254348944320329,0.92156265135477,0.9118252922417807,0.8705668609414653,-0.24636299419694663,-0.19205188738112097,-0.12030806123056609,-0.1949360334744133,-0.21116030632390248,-0.1829901335851405,25.423728813559322
ALTER,2026-03-13,1.0051652626884373,0.8773274717392597,0.8434560493794819,0.7745349605238024,0.737394876011918,-0.16989420435180153,-0.28422590611773824,-0.18447747515131624,-0.2986896480813332,-0.3151136810904509,-0.25538154283816494,13.898305084745763
ANI,2026-03-13,1.0253397720930457,0.9338898643977741,1.2099162927934717,1.2019310136230104,1.1312307757001019,0.04282806558105139,-0.17585213032872657,0.11659232497353333,0.02430385643481217,-0.007687378940899149,-0.015617086851301934,71.86440677966101
ANS,2026-03-13,1.0699304145114292,1.066535134601701,1.0381578643538838,1.1378402223841577,1.140567918610642,0.5129967563168949,0.07829675017110352,-0.024517868149508473,-0.024131100133784285,-0.00039885262853919817,0.06377318572460569,80.67796610169492
AP,2026-03-13,1.0929009198666186,1.0376554048864157,1.0512700806262394,1.2039803418644819,1.1753047020260794,0.7552003183794486,0.02296306985974838,-0.01374536989557866,0.02585258320899965,0.026716504002059403,0.08815060256408355,82.71186440677965
APC,2026-03-13,1.0728092059862424,0.9948914245638241,0.6670773794376958,0.8504470574676002,0.680394292237453,0.5433510536583569,-0.05897289143004728,-0.3293834829925836,-0.24132104570597343,-0.35960804715515854,-0.14790804902579285,33.559322033898304
APL,2026-03-13,1.2001973285832086,1.3558697290515833,0.8626255050471975,1.611032717889509,1.8434871900297953,1.886545579871778,0.6326630171044049,-0.16872857935674185,0.3334718803470315,0.5482963589891406,0.4852101481970912,95.25423728813558
APO,2026-03-13,0.9037449914281654,1.3409700616993678,2.1907949334532,1.9614846402875517,1.5876923167720727,-1.2392808192631184,0.6041151934875977,0.9224449149816227,0.5983168496885928,0.34862418066132456,0.45987470190229035,94.57627118644068
APVI,2026-03-13,0.9968581117571278,0.9661779541935273,0.914040270248686,0.9763834653875813,1.0351131280915964,-0.257485727265331,-0.11398801815606562,-0.126488163483877,-0.14614786512723843,-0.08271632627401883,-0.13320404101087255,37.28813559322034
APX,2026-03-13,1.0483858133147688,1.2896404516629565,1.5934092451341053,2.590245957355233,3.0620523070686008,0.28582808621754735,0.5057674506152657,0.43165555102736225,1.0734869403602936,1.4995020976134685,0.727849634277254,98.64406779661017
AR,2026-03-13,1.0443275456503245,0.9684783778939879,0.9858577200539399,1.046125141486694,1.005538467288979,0.24303726081197452,-0.10958039693256832,-0.06748567782019263,-0.09344239859160443,-0.1058021562226712,-0.06000061560534277,57.79661016949152
ARA,2026-03-13,1.0304031783749867,0.8333418600483152,0.7599319925415787,0.798074850206344,0.6527179524507409,0.09621718430929772,-0.36850251810825646,-0.25309766397053296,-0.28089998575442654,-0.3812120573644865,-0.27756525874973864,11.186440677966102
AREIT,2026-03-13,0.9456698742870449,0.86502727843713,0.8916963958140353,0.9990939990383252,1.001715127109173,-0.7972201936712721,-0.307793126817442,-0.14484504101958137,-0.1289849671545168,-0.10878663613998744,-0.2503862065191566,14.576271186440678
ASLAG,2026-03-13,0.9945976625241185,0.9223603598990362,0.8666881055419252,0.9510228558969948,0.8557774189693441,-0.2813201552690112,-0.1979427081274459,-0.1653909012841084,-0.16531348932201445,-0.22270486957967567,-0.19533098158751624,23.050847457627118
AT,2026-03-13,0.9462793262988748,1.456226546471033,2.0405533856478058,1.9960548676642673,1.7570461638944268,-0.7907940639066496,0.8249470899436933,0.7990121727370072,0.6244424042213426,0.48082093320939573,0.5651693846023726,97.28813559322033
ATI,2026-03-13,0.8603834893141876,0.8129051507648525,0.9192885492464392,1.2062675587719336,1.518782059967729,-1.696489317987581,-0.40765933672310356,-0.12217637704250858,0.027581088185050343,0.29483318434456357,-0.27274963178762174,11.864406779661017
ATN,2026-03-13,0.9581974387925658,0.8706522791168175,0.8602091871058888,0.8952417076184209,0.8286381813770292,-0.6651281608540616,-0.2970156024974603,-0.17071373428883108,-0.20746864830812042,-0.2438896205451647,-0.2763731031502508,11.525423728813559
ATNB,2026-03-13,1.0443275456503245,0.9684783778939879,0.9568619047582358,0.8928136983377821,0.9217435950148976,0.24303726081197452,-0.10958039693256832,-0.09130753700526299,-0.20930355347597235,-0.1712120077438523,-0.0989397891066611,44.06779661016949
AUB,2026-03-13,1.0180401245927648,1.0592343747954784,1.01443330614246,0.5961863682586377,0.6393423687538883,-0.03414022915303149,0.06430846450741562,-0.044009062971137665,-0.4334719803549426,-0.39165297003463895,-0.14056609088204725,35.59322033898305
AXLM,2026-03-13,1.0654250718250784,0.8618177635884827,1.1251031607395245,1.1121962030542747,1.0105411462307154,0.46549192217966406,-0.31394257040089774,0.04691308097816807,-0.043510903978898556,-0.10189709046021252,-0.05989205302257248,61.694915254237294
BALAI,2026-03-13,0.906916026485808,0.9684783778939879,1.0328033257707943,0.9330305315962408,0.896831605960441,-1.205845073096012,-0.10958039693256832,-0.02891695342531665,-0.17891072270344335,-0.1906581798177169,-0.22506873625904705,18.983050847457626
BC,2026-03-13,1.1897177981856837,1.4769295262883315,1.2721356349157569,1.691445710692944,1.766273066887186,1.77604824636623,0.8646140839909583,0.167709370364714,0.3942419182682384,0.48802340680208356,0.6309682870990492,97.96610169491525
BCB,2026-03-13,1.0443275456503245,0.9684783778939879,0.8362528520301904,1.0990615944293944,1.124140440353833,0.24303726081197452,-0.10958039693256832,-0.19039534816806558,-0.05343704447419534,-0.013222058684999368,-0.06883994773817842,51.52542372881356
BCOR,2026-03-13,1.0383769613446248,0.8449973847125045,0.8765970555384078,1.2149673024254786,1.152489080735152,0.18029363837493492,-0.34617048515685334,-0.15725008478762986,0.03415569426920698,0.008906745952405313,-0.11696715215976779,41.01694915254237
BCP,2026-03-13,1.0443275456503245,0.9684783778939879,0.9656280814755418,1.5348885272632644,2.208483259444506,0.24303726081197452,-0.10958039693256832,-0.08410557957721841,0.275927879178618,0.8332104361672913,0.15057035336793964,86.4406779661017
BDO,2026-03-13,0.9368232394804381,0.9230809539302073,0.8677824087054883,0.8234017242669464,0.7965954091510096,-0.8905000945395678,-0.19656204701502603,-0.16449186341942595,-0.26175985623766157,-0.2689020457300319,-0.2818288675203582,10.508474576271185
BEL,2026-03-13,1.0293012500294567,0.9901607296378832,0.8087575308226934,0.930643794699202,0.8945374676531828,0.08459832933426892,-0.06803692226631992,-0.21298445847152078,-0.18071443733567374,-0.19244897252345658,-0.13020759171000254,38.30508474576271
BH,2026-03-13,1.0443275456503245,0.9684783778939879,0.9858577200539399,1.046125141486694,1.005538467288979,0.24303726081197452,-0.10958039693256832,-0.06748567782019263,-0.09344239859160443,-0.1058021562226712,-0.06000061560534277,57.79661016949152
BHI,2026-03-13,0.9596523392462443,0.8031284109364779,0.7980752971865228,0.9613041840688542,0.7770069974505749,-0.6497875287313234,-0.4263916102410321,-0.22176057539969626,-0.15754364167548357,-0.284192660371347,-0.3224740071861648,6.440677966101695
BKR,2026-03-13,1.027483552978545,0.9088797084851271,0.742436060781362,0.818123508085748,0.6195742071174518,0.065432329558738,-0.22377169139979497,-0.26747165616399377,-0.2657487314965619,-0.4070838965626571,-0.24166851928877406,15.254237288135593
BLOOM,2026-03-13,0.8863296512899431,0.8667316222397559,0.5530421356400151,0.5608596329648943,0.7508891151833286,-1.4229101017183905,-0.30452759711737615,-0.4230705027290486,-0.4601692461647226,-0.3045801465597672,-0.47713778620622366,1.694915254237288
BMM,2026-03-13,1.0443275456503245,0.9684783778939879,0.9858577200539399,1.046125141486694,1.005538467288979,0.24303726081197452,-0.10958039693256832,-0.06748567782019263,-0.09344239859160443,-0.1058021562226712,-0.06000061560534277,57.79661016949152
BNCOM,2026-03-13,0.9868726321355816,0.922159846777319,1.0795142034590641,1.255350169784033,1.2354161253087599,-0.36277373446605804,-0.19832689208916282,0.009458927347584772,0.06467400101529783,0.07363917558017652,-0.0694300326963724,51.186440677966104
BPI,2026-03-13,0.8918254019217118,0.8348951533568861,0.8802301071910178,0.838913505602802,0.747056810764472,-1.3649622961024732,-0.3655264017729038,-0.15426530770866342,-0.25003722899619485,-0.30757162391653753,-0.3808636664560039,3.728813559322034
BRN,2026-03-13,0.8702729547086036,0.8315218396059493,1.3737361672882769,1.5878685183280177,1.612656032444589,-1.5922136954714763,-0.37198968472341726,0.2511805040653395,0.3159661361048386,0.3681107302704149,-0.08961331218630803,45.76271186440678
BSC,2026-03-13,1.0106395603067655,1.0018741840282632,0.9858577200539399,1.0206098941333601,0.9810131388185163,-0.11217260169450087,-0.045593895722484776,-0.06748567782019263,-0.11272488634854372,-0.12494650300935832,-0.08305380106235619,48.13559322033898
C,2026-03-13,0.9739234414491789,0.8737359278826194,0.7867902958122789,0.7893489703945055,0.7013419561763468,-0.4993114406060513,-0.2911073188437847,-0.23103190337923385,-0.28749434356371173,-0.3432564071230936,-0.3040086453397554,8.47457627118644
CA,2026-03-13,1.1905334020413698,1.142924793787936,1.0415920304555064,1.3076564268583677,1.214315521937962,1.7846480640900706,0.2246596497610996,-0.02169648787595167,0.10420310091702335,0.05716815180467843,0.2698544223224555,91.52542372881356
CAB,2026-03-13,1.0443275456503245,0.9684783778939879,0.8945745978267233,1.1934838633957627,1.1458461603990693,0.24303726081197452,-0.10958039693256832,-0.14248041969911796,0.01792014129451407,0.003721316091864751,-0.04004827225067,67.79661016949152
CAT,2026-03-13,1.0936575905202395,0.9466739866468438,0.997343441064277,0.9767584206354258,0.7276188075799419,0.763178737869195,-0.15135769978643168,-0.05804944622066967,-0.14586450240392865,-0.3227448304345886,-0.06118642275015143,53.559322033898304
CBC,2026-03-13,1.0630319196022704,1.1794683102208927,1.0774919312128,1.0648617111849632,0.7425849861300312,0.440258259099149,0.2946771767839977,0.007797505373651923,-0.07928272101486697,-0.3110623075040821,0.07186246495994147,81.35593220338984
CDC,2026-03-13,1.00768447387312,0.9344966804240236,0.9190199085248594,0.9132838536788601,0.8778510428713312,-0.14333136156348855,-0.17468946833932011,-0.12239708204340569,-0.19383376342138348,-0.20547431092161372,-0.16692714649151508,29.152542372881356
CEB,2026-03-13,0.9055607347899388,0.9578856456357724,0.9735537235478066,0.9433008754431301,0.9224722460781504,-1.22013541940305,-0.12987611528514192,-0.07759417344942682,-0.17114917617619313,-0.17064322642627688,-0.24020123908738442,15.932203389830507
CEI,2026-03-13,1.0582519129256622,0.99465346918842,1.0552843200577386,1.3707846681549785,1.4419042172445737,0.38985733731465133,-0.059428814903043206,-0.01044742343340417,0.1519106352811748,0.23482273094423442,0.08415077010007124,82.03389830508473
CEU,2026-03-13,1.0232425476977645,1.0513087654770263,1.0631798941758175,0.9432275865863635,1.2092845998737722,0.02071469841184146,0.04912296462138959,-0.00396071999333822,-0.1712045623327039,0.05324103960434071,-0.010436577296623208,72.20338983050848
CHP,2026-03-13,0.8544498100775381,0.8070653149116566,0.7648896103866777,0.8187066324678476,0.7015384655504506,-1.759054691497244,-0.41884848611464043,-0.24902467367883258,-0.26530805033823723,-0.34310301290416556,-0.468343245407097,2.0338983050847457
CIC,2026-03-13,1.0143996069363634,0.9052250730968481,0.9201338720503439,0.8864534093650409,0.9250953899058609,-0.07252625203314349,-0.23077398775863403,-0.12148189197301891,-0.21411017723897707,-0.168595613683005,-0.17496667202440547,27.796610169491526
CLI,2026-03-13,1.0317956151025207,1.0136193192365044,1.031808715480183,1.0377225299084878,0.9552615439245303,0.1108991919595675,-0.02309016860198875,-0.02973408741673351,-0.09979245480071693,-0.14504806713537974,-0.044986354269273596,65.76271186440678
CNPF,2026-03-13,0.9756217860680663,0.8826953123295653,0.9408050823095394,0.9401884182981681,0.949378074169116,-0.4814039061420187,-0.27394110158132046,-0.10449921171527517,-0.17350133510142832,-0.14964067373154785,-0.21359389209743465,20.0
CNVRG,2026-03-13,0.9362936616175322,0.8682909594911616,1.0591859802232413,0.7472322439190673,0.6887249775951911,-0.8960840223984425,-0.3015399005628198,-0.007241967814973163,-0.3193229694586075,-0.3531051564945342,-0.29871123172833514,9.152542372881356
COAL,2026-03-13,1.0443275456503245,1.0043479474456172,0.9518626262589764,1.9527669307751625,0.21825641150458458,0.24303726081197452,-0.040854154892107794,-0.09541475410613727,0.5917286663716386,-0.7203505286542337,-0.0015130549367765173,74.23728813559322
COL,2026-03-13,1.0443275456503245,0.9548378373602698,0.9201338720503438,0.9763834653875811,0.8909834520282094,0.24303726081197452,-0.13571572841274335,-0.121481891973019,-0.1461478651272385,-0.19522321906175424,-0.10529452132059114,43.050847457627114
COSCO,2026-03-13,0.9687136659789212,0.9421157859455842,0.918240592478224,1.000449255027416,1.3054696353522308,-0.554243892327557,-0.16009123098236241,-0.12303733847124837,-0.12796076751987176,0.12832258956633655,-0.14055485821430042,35.932203389830505
CPG,2026-03-13,0.974705709273636,0.9969630360673405,1.0456066727844817,1.061286375421284,1.1731282118371424,-0.4910631217014072,-0.05500367531220275,-0.018398210408532366,-0.08198468847516215,0.025017546819691244,-0.08285127303801339,48.8135593220339
CPM,2026-03-13,1.0443275456503245,1.010586133454596,0.9899826477529103,1.0638560760881635,0.96531692859742,0.24303726081197452,-0.028901764972027975,-0.06409679408675166,-0.0800427037096636,-0.13719888495283808,-0.03697937541695728,68.47457627118644
CREC,2026-03-13,1.0134724136197464,0.9730359232017243,0.9610987362169688,1.116738588537046,1.160445744682146,-0.08230268143827674,-0.10084812147330999,-0.08782671739831209,-0.04007811372427492,0.015117677400268906,-0.06618935507021334,52.20338983050847
CREIT,2026-03-13,0.9989220001872667,0.8977468109691461,0.8987100762922656,0.9562916805834045,1.056776096195424,-0.23572385821849212,-0.2451023685966224,-0.1390828678570894,-0.16133171144221345,-0.06580632344538836,-0.17401110417035923,28.474576271186443
CROWN,2026-03-13,1.0504347242798584,0.9856703017619287,1.0339483405443761,1.0584324960924198,1.017368331610026,0.3074320312078835,-0.07664060045163729,-0.027976252830319633,-0.08414143390884554,-0.09656782424321031,-0.030556500640533397,70.16949152542374
CSB,2026-03-13,1.0513838128506645,0.8488428135659071,0.8902593956850731,1.3460504842963508,1.3073754941191789,0.31743932660724944,-0.33880262773810405,-0.146025625678849,0.13321841604350576,0.12981029323582435,-0.060288034886343725,53.898305084745765
CTS,2026-03-13,1.0051652626884373,0.9943044679711609,0.9608992967614352,0.8390795405674526,0.6674694998383741,-0.16989420435180153,-0.060097502663436914,-0.08799056927063294,-0.24991175236926805,-0.36969707442881583,-0.16245322519004546,29.830508474576273
CYBR,2026-03-13,1.0443275456503245,0.9684783778939879,0.9858577200539399,1.046125141486694,1.005538467288979,0.24303726081197452,-0.10958039693256832,-0.06748567782019263,-0.09344239859160443,-0.1058021562226712,-0.06000061560534277,57.79661016949152
DD,2026-03-13,1.0521712074738785,0.9778507492929621,0.9932622308268774,0.7934664845363536,0.9959922160172484,0.3257417030479246,-0.09162289498006072,-0.06140241335018525,-0.28438263882772624,-0.11325391145926136,-0.08412791601120653,47.11864406779661
DDMPR,2026-03-13,0.9873642249784885,0.9874681500095563,0.9764685989105691,1.0073797658760757,0.9959619104576556,-0.3575903248807914,-0.07319591585232454,-0.07519942269916774,-0.12272321333362345,-0.11327756782509182,-0.11805394075905691,40.33898305084746
DELM,2026-03-13,1.2198634522596343,1.0633892589275988,1.28865687692765,1.9468566192413392,1.7359767878668224,2.093907374170176,0.07226923950649015,0.1812825945267571,0.5872621014109914,0.46437428533932307,0.4635007209837507,94.91525423728814
DFNN,2026-03-13,1.0718098494832278,0.9684783778939879,0.9046694372259685,0.4100390001807143,0.27045517396048413,0.5328137275935718,-0.10958039693256832,-0.13418688353838973,-0.5741480355874627,-0.6796044399119293,-0.22990974030929273,17.627118644067796
DHI,2026-03-13,1.2023879309379408,3.149402969334648,3.499794906191487,3.744952187170855,2.9955201892664696,1.90964353462613,4.0690800446877935,1.997869513525413,1.9461262854133945,1.447567464518107,2.5175161220106994,99.66101694915255
DITO,2026-03-13,0.9383812729031902,0.9237793758373423,0.6301358623025184,0.6061659698334115,0.5238939913606446,-0.8740720169257763,-0.19522386778298842,-0.35973322864734514,-0.4259301547743427,-0.48177138681500653,-0.39335940816642995,3.389830508474576
DIZ,2026-03-13,0.8738250892176181,0.8448428402905,0.9555594922508637,1.4297043600318151,1.9175384725045648,-1.5547595943228356,-0.3464665929018151,-0.09237754959277217,0.19643766735438278,0.6061004138218121,-0.15230772915687274,31.864406779661014
DMC,2026-03-13,0.9455136220359153,0.9088797084851271,0.8747246679751322,0.9198361604423545,0.8608820562053014,-0.7988677347775163,-0.22377169139979497,-0.1587883672058807,-0.18888202718315797,-0.21872021569081548,-0.25729981048941425,13.220338983050848
DMPI,2026-03-13,1.0443275456503245,0.9684783778939879,0.9858577200539399,1.046125141486694,1.005538467288979,0.24303726081197452,-0.10958039693256832,-0.06748567782019263,-0.09344239859160443,-0.1058021562226712,-0.06000061560534277,57.79661016949152
DMW,2026-03-13,1.0382440842193517,1.003767063728182,0.9505822084135919,1.0202210903641664,1.0615168974267162,0.17889256719429994,-0.04196713047171032,-0.09646669671577728,-0.1130187147334114,-0.062105678093057316,-0.050737151261668306,64.40677966101694
DNA,2026-03-13,1.0443275456503245,0.9684783778939879,0.9858577200539399,1.046125141486694,1.005538467288979,0.24303726081197452,-0.10958039693256832,-0.06748567782019263,-0.09344239859160443,-0.1058021562226712,-0.06000061560534277,57.79661016949152
DNL,2026-03-13,0.9238282134599023,0.9927577801253137,0.7270453727051099,0.7129149112353768,0.7075299349184404,-1.027521093538107,-0.06306096290518119,-0.2801160602055707,-0.3452574053729672,-0.3384261023591854,-0.311514809705229,7.796610169491526
DTEL,2026-03-13,1.0443275456503245,0.9684783778939879,0.9858577200539399,1.046125141486694,1.005538467288979,0.24303726081197452,-0.10958039693256832,-0.06748567782019263,-0.09344239859160443,-0.1058021562226712,-0.06000061560534277,57.79661016949152
DWC,2026-03-13,1.1453915016810008,0.9590756751959881,0.9059233103198366,0.9527211109968107,0.907654191712176,1.3086668483313937,-0.1275960137781258,-0.13315674908714353,-0.16403007698754293,-0.18221012437130749,-0.000838840625288953,74.57627118644068
ECP,2026-03-13,1.0443275456503245,0.9684783778939879,0.6641567798258122,1.0930940253901782,0.8580594920865956,0.24303726081197452,-0.10958039693256832,-0.331782936568237,-0.05794688031250405,-0.22092349489994997,-0.13624402743812558,36.610169491525426
ECVC,2026-03-13,0.9464218382456063,0.9684783778939879,0.8408786435754192,1.1031865128405138,0.8972497092732429,-0.789291402097468,-0.10958039693256832,-0.18659497374554485,-0.050319744153358346,-0.19033181049619763,-0.1970657231310048,22.033898305084744
EEI,2026-03-13,1.0768177359594455,0.8543231318304381,0.7623966368417135,0.8988927141663445,0.6861321306207152,0.5856174393182165,-0.3283023155176078,-0.25107280593980197,-0.20470949461127638,-0.3551291196681146,-0.19690841908088363,22.372881355932204
EG,2026-03-13,1.0443275456503245,0.9684783778939879,0.9858577200539399,1.046125141486694,1.005538467288979,0.24303726081197452,-0.10958039693256832,-0.06748567782019263,-0.09344239859160443,-0.1058021562226712,-0.06000061560534277,57.79661016949152
EGRN,2026-03-13,0.21930878458656808,0.20338045935773744,,,,-8.456052271971574,-1.5755111396555896,,,,,
ELI,2026-03-13,0.9784690517804842,0.950205200952592,0.9236865124829707,0.9714019170947873,0.9093565269395985,-0.4513820199439255,-0.1445918787267651,-0.11856317769448775,-0.1499125413083553,-0.18088129014263568,-0.17527126181911043,27.45762711864407
EMI,2026-03-13,1.0497176233052938,0.9759956744882491,0.959978954902524,1.0822463283109358,1.2144410325862245,0.29987083881300963,-0.09517722589692218,-0.08874668714286792,-0.06614474660103703,0.05726612477897122,-0.025391786276854393,70.84745762711864
ENEX,2026-03-13,1.1036001901331807,1.1687501412239176,1.0418118068678124,1.0542137379414882,0.9636410311519384,0.8680146134922834,0.27414112112666933,-0.02151592793332683,-0.08732965118412105,-0.13850708198326167,0.12542282316958397,84.06779661016948
EURO,2026-03-13,1.0545660509998374,0.9591660857988535,1.103732012669085,1.088392823971005,1.1507829125640539,0.3509931994168821,-0.1274227866930723,0.02935535843215899,-0.061499691600311046,0.007574919747376135,-0.006952376816149523,73.22033898305085
EVER,2026-03-13,1.0443275456503245,0.9684783778939879,0.8962342909581273,0.8979614948383641,0.8521512434652366,0.24303726081197452,-0.10958039693256832,-0.14111687893768288,-0.20541323951494717,-0.22553544375296883,-0.11876257719892852,40.0
EW,2026-03-13,1.0841114521512893,1.111201507267839,1.1097262459815433,1.226103660452147,1.2945318063129772,0.662523193676764,0.16387770297579038,0.03427999257110646,0.04257170859712867,0.11978457579526076,0.15046765649190497,86.10169491525423
FAF,2026-03-13,1.188372724360714,1.1414209453750572,1.1028238902298313,1.1507376556353637,1.070411916791494,1.761865638425863,0.22177827004822312,0.0286092795704306,-0.01438419878815322,-0.05516227117401468,0.23872118431592806,90.16949152542372
FB,2026-03-13,1.0066506036703406,0.9309543079017855,0.9783464231392432,1.020657675495445,1.0133182620068824,-0.15423260391543128,-0.18147666858744116,-0.07365667372337274,-0.11268877682090897,-0.0997292879963332,-0.12577757796225042,38.64406779661017
FCG,2026-03-13,1.0095166274619802,0.9854692266289703,0.9076150438591828,0.8922832089151214,0.7673846197731683,-0.12401293044471633,-0.07702586122919211,-0.1317668851449858,-0.2097044571260914,-0.29170383949339657,-0.1541472400487035,31.52542372881356
FDC,2026-03-13,1.020592828703726,0.8860546861583293,0.8794996257742617,0.9105947587839645,0.8824113080291041,-0.007224233226679395,-0.267504527578733,-0.1548654434616958,-0.19586597728433464,-0.20191459111093743,-0.18915052658521933,24.40677966101695
FERRO,2026-03-13,0.8227263347440361,0.6157844804325947,0.5896889695878196,0.4882925154627199,0.5246993940780941,-2.0935505420659775,-0.7853433477044185,-0.3929628575747289,-0.5150099669076948,-0.4811426935461534,-0.7183721703250674,0.3389830508474576
FEU,2026-03-13,0.9957831186177111,0.9678734569833733,0.9519446904564296,1.0454717216606562,1.0182668023179537,-0.26882057443275376,-0.11073942787266351,-0.09534733328227257,-0.09393620371217568,-0.09586648257388401,-0.11710793225416032,40.67796610169492
FFI,2026-03-13,1.0443275456503245,0.9684783778939879,0.9491569833638702,1.046125141486694,1.0402122075403233,0.24303726081197452,-0.10958039693256832,-0.09763760741772723,-0.09344239859160443,-0.07873601076563067,-0.06347867618617034,53.22033898305085
FGEN,2026-03-13,0.9852765640114579,1.0265870805676274,1.1626411070269633,1.0472875027550126,1.1075674315738022,-0.3796028541993742,0.0017561151729778917,0.07775283014323424,-0.09256397414934392,-0.026158865128421235,-0.040431867931367466,67.45762711864407
FILRT,2026-03-13,1.023440994737318,0.9619346050703799,0.852476969693701,0.9236059807720363,0.9475266326376919,0.02280714605796048,-0.12211829243994972,-0.17706623007151653,-0.1860330830460967,-0.1510858995834889,-0.13849083219081068,36.271186440677965
FJP,2026-03-13,1.1324564524562588,1.0414181720449995,0.917990703093705,1.2802579112480017,1.279323693531028,1.1722782513352374,0.030172547132970386,-0.12324263808669796,0.08349738192088124,0.10791320023267323,0.12835538617081763,85.08474576271186
FLI,2026-03-13,0.9806490367692071,0.9684783778939879,0.9257444444408949,0.9944646406725364,1.0323528264166852,-0.42839601587709236,-0.10958039693256832,-0.11687245905753367,-0.13248348491429635,-0.08487100373589321,-0.1441591829751064,34.23728813559322
FMETF,2026-03-13,1.0443275456503245,0.9684783778939879,0.9684923349498192,0.9723982267533461,0.9784701336730246,0.24303726081197452,-0.10958039693256832,-0.0817524178454738,-0.1491596060721319,-0.1269315599044884,-0.07788015266004113,49.49152542372882
FNI,2026-03-13,1.012028755578665,1.7507109138852857,1.4148187127491656,1.5245854775154921,1.7185566531848004,-0.0975247723127899,1.3891803429497802,0.28493236111619263,0.26814161601332687,0.4507762167211974,0.5994794716435482,97.6271186440678
FOOD,2026-03-13,1.1139493820270128,1.0470036517772843,1.051581568057536,0.9403372058307364,0.8044307738311833,0.9771376433253539,0.04087434915600726,-0.013489463667366258,-0.17338889277486946,-0.2627857998735059,0.03250805462649623,77.28813559322035
FPH,2026-03-13,1.0041611015868503,0.9950120320828645,0.9858577200539399,1.0531461155906319,1.3184507875292557,-0.18048219063805337,-0.05874180693003564,-0.06748567782019263,-0.08813647914170822,0.13845561099628492,-0.04940113477676309,64.7457627118644
FPI,2026-03-13,1.1278737493023505,1.1319877144215442,1.137528138523777,1.2280599487017716,1.2340699371273836,1.1239577198280308,0.20370416094017968,0.057120970224791255,0.04405012280570201,0.07258834792600477,0.20748553957109592,88.47457627118645
FRUIT,2026-03-13,1.059914523943613,1.062202091883729,1.0989889338306218,1.1856084936849203,1.0683846214945403,0.40738809271795556,0.06999462259250618,0.025458625229754474,0.011968534479663905,-0.056744767581785344,0.06198384411565101,80.33898305084746
FYN,2026-03-13,1.0443275456503245,0.9684783778939879,0.9858577200539399,1.046125141486694,0.9720205183793466,0.24303726081197452,-0.10958039693256832,-0.06748567782019263,-0.09344239859160443,-0.1319660968311436,-0.06392520669661363,52.88135593220339
GEO,2026-03-13,1.0188561420978774,0.8608696692391005,0.5799163059140824,1.1955715902705075,0.9141258793536176,-0.025536049863653158,-0.31575912305394954,-0.40099170641117843,0.019497886841897107,-0.1771583578821414,-0.22020344481928655,19.322033898305087
GERI,2026-03-13,0.974705709273636,1.0592732258215494,1.1130651678028354,1.0768935280010086,1.3536094751967027,-0.4910631217014072,0.06438290323234729,0.03702312376592276,-0.07018998688470711,0.1659003039422352,-0.009688612044561985,72.88135593220339
GLO,2026-03-13,0.9878774080476042,1.0066172940021438,1.063827700594399,0.9878366438672009,0.721442483215355,-0.352179265550226,-0.036506077603556855,-0.0034285068748155507,-0.13749242194250091,-0.32756603785063293,-0.12366026662088866,39.32203389830509
GMA7,2026-03-13,1.056531707285637,1.1094478204229803,1.102268963750346,1.2144671182776565,1.0189904869182629,0.3717192978134844,0.16051763180489298,0.028153373077802194,0.03377769304613307,-0.09530157805204698,0.08482586449368645,82.37288135593221
GMAP,2026-03-13,1.096637333267872,1.123511477912591,1.117178536045681,1.204069525593509,1.1394808499973568,0.7945974766538698,0.18746365710396767,0.04040251068979814,0.025919981503802335,-0.0012474128644896197,0.15079635684011386,86.77966101694915
GPH,2026-03-13,0.8938609520544859,1.0018741840282634,1.0754811491497527,0.8436493076505598,1.0089014721963,-1.343499229213376,-0.04559389572248435,0.00614552329729781,-0.24645826917892913,-0.1031770116800151,-0.21125991640154654,20.677966101694913
GREEN,2026-03-13,1.1494171099924955,0.8920195585865679,1.380200808075516,1.1231404893262051,1.1731282118371424,1.3511133098887735,-0.2560758075977602,0.25649160709676516,-0.0352400429080823,0.025017546819691244,0.11911611392507783,83.72881355932203
GSMI,2026-03-13,1.0319557210677073,0.963720940248193,1.0006773421878934,1.0230382418125052,0.9480409219519764,0.11258736705524028,-0.11869566692951346,-0.05531043984013499,-0.11088972544477967,-0.15068444795794966,-0.08295818561601213,48.47457627118644
GTCAP,2026-03-13,0.8908430427289888,0.9400919426798539,0.9281570173751976,0.9231480480517379,1.1345053248170245,-1.3753204006379767,-0.16396892296113952,-0.11489038088078425,-0.18637915384644507,-0.0051312825387691595,-0.25349083532244,14.237288135593221
HI,2026-03-13,1.046359311303341,1.133559919580463,1.3085482624427298,1.526216566191636,1.5010211903009398,0.26446042372579165,0.206716512458187,0.19762460043015317,0.2693742690616273,0.2809691397286609,0.23388737098919815,89.83050847457628
HOME,2026-03-13,1.0443275456503245,0.9684783778939879,0.7538911976883069,0.5036898829380378,0.4932830216889332,0.24303726081197452,-0.10958039693256832,-0.25806055130075606,-0.5033738049798694,-0.5056661542012125,-0.24961021494991784,14.915254237288137
HOUSE,2026-03-13,1.0443275456503245,0.9684783778939879,0.9858577200539399,1.2764196691207674,1.274660684811577,0.24303726081197452,-0.10958039693256832,-0.06748567782019263,0.08059672978133252,0.10427327931980843,0.006318525400616566,75.2542372881356
HTI,2026-03-13,1.1428490122211097,1.0402175169972463,1.1551464194571417,1.0644782141443554,1.0322341788099256,1.2818585568214724,0.027872087148352535,0.0715954798461781,-0.0795725389769639,-0.08496361945486113,0.12578730107457559,84.40677966101696
HVN,2026-03-13,1.0443275456503245,0.9091043265859143,0.4010414244470296,0.4255578755002493,0.3913220535199611,0.24303726081197452,-0.2233413221995415,-0.5479485067148968,-0.5624200472514492,-0.585256367872929,-0.3799582618886184,4.067796610169491
I,2026-03-13,1.0443275456503245,0.9684783778939879,0.9858577200539399,1.046125141486694,0.8700093695239428,0.24303726081197452,-0.10958039693256832,-0.06748567782019263,-0.09344239859160443,-0.21159548129171202,-0.07586961436569889,50.16949152542372
ICT,2026-03-13,1.087179891748438,1.207293337320076,1.3670294296294512,1.7102523196142854,1.8616050002512181,0.6948771619030364,0.34799004256702154,0.24567050345075342,0.40845452617493494,0.5624390295883147,0.40135911449633266,93.89830508474576
IDC,2026-03-13,0.9612560363372304,0.8526820501023156,0.8066108618623146,0.8147705428886752,0.7757011033372125,-0.6328779683233083,-0.33144663482405456,-0.21474808005517332,-0.268282648156929,-0.285212034680768,-0.31284714212684156,7.457627118644068
IMI,2026-03-13,0.9783068387413958,0.9020684319812573,1.8685442833580488,1.6799842173628685,2.229969662151069,-0.45309241226105923,-0.2368221250531923,0.6576960355113696,0.38558019135048854,0.8499826129439758,0.25268156034747286,90.84745762711864
IMP,2026-03-13,0.9921111683678081,1.3143635128561266,1.3773012265459454,2.1372449127147513,1.705824185579518,-0.30753802607306174,0.5531369370290148,0.254109421178258,0.7311431262400897,0.44083731720434266,0.4110688566246321,94.23728813559322
INFRA,2026-03-13,1.014489615774601,0.9978262075271391,0.9715699270096801,0.8675184100133562,1.4864481690358824,-0.07157718883661529,-0.053349835263100616,-0.07922398524471988,-0.22841981289017943,0.2695935133771513,-0.048213601345234884,65.08474576271186
ION,2026-03-13,1.0816249579949788,1.123434918357026,1.2430379948506198,1.3948335219822587,1.3886007405419236,0.6363053228727124,0.1873169686822208,0.14380385582130148,0.17008493408656583,0.19321430787415703,0.21877571984569957,89.15254237288136
IPM,2026-03-13,1.0443275456503245,0.9684783778939879,0.9450636074999837,0.8707269141715598,0.759618733441131,0.24303726081197452,-0.10958039693256832,-0.1010005693633262,-0.22599506892074397,-0.2977658509043985,-0.12368442675921315,38.983050847457626
IPO,2026-03-13,1.1079492832010869,1.1011043977966677,1.2241781080321965,1.2086300178341418,1.2026037950491308,0.913871934282593,0.1445315999112995,0.12830929002092514,0.029366455472008973,0.04802603730452876,0.17990119259696155,87.79661016949153
IS,2026-03-13,0.9426673420914432,0.7717562073842715,1.1830292640647277,0.741005308553075,0.7122564143296937,-0.8288792269288023,-0.4865008806232188,0.09450296463828611,-0.32402881468500344,-0.33473663654680513,-0.3202287041392958,6.779661016949152
JAS,2026-03-13,1.18280191634429,1.2808907578597906,0.9270680395002644,1.0564317931269571,0.9862937119341662,1.7031264194021198,0.48900300148434533,-0.11578504369084015,-0.08565341338929397,-0.12082451446677019,0.2528129216149313,91.18644067796609
JFC,2026-03-13,0.9548711918843197,1.0166347613251807,0.8794036000481155,0.8756113519051625,0.8185617342969411,-0.7002004780286057,-0.01731256922078994,-0.15494433454660136,-0.22230378153115027,-0.2517552439357437,-0.1961739451023395,22.71186440677966
JGS,2026-03-13,0.9610840456347187,1.0836718413439337,1.0588070228063455,1.3501818391139242,1.549798365845878,-0.6346914574105464,0.11113075041322762,-0.00755330481758423,0.13634058051192205,0.3190443551139327,0.043106522547991896,78.64406779661017
JOH,2026-03-13,1.0469514842072347,0.8802343343501167,0.6375319777982529,0.6787055795986845,0.73616485953817,0.27070436065544223,-0.27865634546035245,-0.3536568614178295,-0.37111022229153023,-0.31607382569993614,-0.2665738012403154,12.203389830508476
KEEPR,2026-03-13,1.0073601989016405,0.8833819513844744,0.8528451705228528,0.838438532515071,0.8463605632007625,-0.14675055291194283,-0.27262549834236355,-0.17676373027234105,-0.25039617761316174,-0.2300556193439882,-0.2252412157862192,18.64406779661017
KEP,2026-03-13,1.1559350696129544,1.137079876879581,1.1435949552625702,1.0834867536826476,1.0125213733118192,1.4198394007189175,0.21346076504708567,0.06210523614659035,-0.06520732723322896,-0.10035133526257277,0.1934543128866333,88.13559322033898
KPH,2026-03-13,1.0443275456503245,0.9684783778939879,0.9858577200539399,1.046125141486694,1.234829899259863,0.24303726081197452,-0.10958039693256832,-0.06748567782019263,-0.09344239859160443,0.07318157050512164,-0.03315305659617384,68.8135593220339
KPPI,2026-03-13,0.9836891720319184,1.1982868065467986,0.9532134246879154,0.8485237258725408,0.889749189237521,-0.39634049169968005,0.33073349275038166,-0.09430498948550373,-0.24277455377590096,-0.1961866783246669,-0.041973161220109675,66.77966101694915
LAND,2026-03-13,1.0238505349512983,0.9494886057784195,0.8802301071910178,0.8717709512389118,0.8521512434652366,0.02712538360215472,-0.1459648780128121,-0.15426530770866342,-0.22520606493068956,-0.22553544375296883,-0.15851478151987725,30.508474576271187
LBC,2026-03-13,1.0197229699674633,0.8145263471351918,0.9514228449679679,1.0135186435702257,0.8334796628861983,-0.016396120442755752,-0.4045531178435409,-0.0957760616906902,-0.11808391541345933,-0.2401103846794964,-0.20658290360462672,21.694915254237287
LC,2026-03-13,1.0169891282249233,1.0177230411767333,1.091485332916862,1.4413279727150008,2.1253426694971607,-0.04522205169327978,-0.015227420571935813,0.019293952068278074,0.20522191177698862,0.7683113141058409,0.15202413614743465,87.11864406779661
LFM,2026-03-13,0.9936934828309146,0.8891877504640707,1.1256702694434078,1.3686803934450915,1.9611122902406175,-0.29085392647048525,-0.26150156354832316,0.04737899592309239,0.15032038413570314,0.640113914540612,0.030390051277460042,76.94915254237287
LMG,2026-03-13,1.00703013330567,1.0459566481255071,0.8066108618623146,1.1768907841725311,1.2397049596713443,-0.15023080124876567,0.03886828587482656,-0.21474808005517332,0.005380351162709624,0.07698701789131467,-0.044425491459982806,66.44067796610169
LODE,2026-03-13,1.083985553712995,1.1853018953329402,0.6519381697130893,1.8648317739545417,1.696587537401158,0.6611957065474434,0.3058543497299159,-0.34182128198374556,0.5252739476962737,0.43362723656929186,0.24251943010243124,90.5084745762712
LOTO,2026-03-13,0.9794258337737505,0.9456906513553058,0.7867902958122789,0.5262326469296704,0.4381086235432297,-0.4412936042428726,-0.15324177422886093,-0.23103190337923385,-0.48633769458451287,-0.5487350090432681,-0.32743765881114684,6.101694915254238
LPC,2026-03-13,0.9104393987720777,0.7840063059141807,0.5494944669153109,1.0162358517299315,0.7432240845179412,-1.1686942440214483,-0.4630296417120791,-0.4259851324414162,-0.11603045567830471,-0.3105634305498469,-0.43206520574426066,2.3728813559322033
LPZ,2026-03-13,1.041550078773595,0.9789201932890713,0.9219367706240087,0.9807423201437757,1.4787330401308518,0.21375134129681372,-0.0895738359073131,-0.12000069906608347,-0.14285377346876138,0.26357112295576374,-0.024532277659421155,71.1864406779661
LSC,2026-03-13,0.9921111683678081,0.9517804748268502,1.1707060425640536,1.2169210829539094,0.7443596446165169,-0.30753802607306174,-0.1415736475376102,0.08437867448463131,0.03563221333239733,-0.30967701810687226,-0.09145633829698278,45.42372881355932
LTG,2026-03-13,0.9506058428355517,0.9576875324578432,0.9332786416510631,1.17152815529267,1.1898871862919587,-0.7451747925714216,-0.1302557009447403,-0.11068264914245365,0.0013276831917122603,0.0380995171239274,-0.1352843876192461,36.94915254237288
MA,2026-03-13,1.0718098494832276,1.0948016445758124,1.1144478574522798,1.539580396904946,1.0457600059805383,0.5328137275935695,0.13245549894905315,0.03815908900055439,0.27947363821712706,-0.07440542749250421,0.14729170821376128,85.76271186440678
MAB,2026-03-13,1.0443275456503245,0.9684783778939879,1.0293514429974961,1.2176210663205784,0.9393846207568095,0.24303726081197452,-0.10958039693256832,-0.03175288904258694,0.03616120764356132,-0.15744151268676151,-0.03289260063352174,69.15254237288136
MAC,2026-03-13,1.0031942943993268,0.9511454315334691,0.9747557187019811,1.156798330258586,1.0218319146756059,-0.19067631310184027,-0.14279039308634797,-0.0766066599406025,-0.00980400081465377,-0.0930835739824417,-0.09697975048153605,45.08474576271186
MACAY,2026-03-13,1.0638311161123848,0.9079484792756137,0.8572675826555999,0.8258882695947586,0.8033596276609688,0.44868507594730067,-0.22555593037584526,-0.17313044464093974,-0.2598807139672909,-0.26362193113129995,-0.1576003151414116,31.186440677966104
MAH,2026-03-13,1.0725526144516844,0.8178261857771454,0.5591431845082047,1.1042432049026216,0.6823296742318072,0.5406455239930719,-0.39823061350250216,-0.4180581129915275,-0.049521176478576,-0.35809729780436994,-0.23353798986569602,17.28813559322034
MARC,2026-03-13,0.9253535214623128,0.9825142964141907,1.0953974667265998,1.4645751980813717,1.2797762310950642,-1.0114380763944344,-0.082687519612388,0.022508012434517746,0.2227904006221999,0.10826644875573979,-0.05952501297672946,62.03389830508475
MAXS,2026-03-13,0.961305690556784,0.8768117001509356,0.9348650793614949,0.9355590696222469,0.8848738512143018,-0.6323544087123483,-0.28521412659152284,-0.10937929224910946,-0.17699984553834128,-0.19999234241317188,-0.24154332238061307,15.593220338983052
MB,2026-03-13,1.0013258231823698,0.8673734922896705,0.8075115998431769,0.861204030617834,0.9474148564630268,-0.21037768132864332,-0.30329777147518483,-0.21400806798364086,-0.23319174167851295,-0.15117315149747873,-0.23484343763165438,16.94915254237288
MBC,2026-03-13,1.0277509179415891,1.1985161562759932,1.018719644055738,1.0791973173406828,0.9895775392367732,0.06825145545164554,0.3311729277700255,-0.0404875707437794,-0.06844895772196097,-0.11826117556003898,0.06462616331182931,81.01694915254237
MBT,2026-03-13,0.9646993319806304,0.99538055505771,0.9723625495344695,1.0064267875581758,0.9351780989936227,-0.5965714762731658,-0.058035715402222764,-0.07857279672044874,-0.12344340203072152,-0.16072510220105418,-0.14550850716439803,33.89830508474576
MED,2026-03-13,0.9101937324475304,0.8846677490377776,0.9556784020931051,1.1042432049026216,0.8763867375454406,-1.1712845770578402,-0.2701619047771055,-0.0922798577883271,-0.049521176478576,-0.20661734021862005,-0.26214382991450563,12.54237288135593
MEDIC,2026-03-13,0.958057009270515,0.8173957509425258,0.7429142104692189,0.774499666153307,0.7715222421744531,-0.66660886534591,-0.39905532840698776,-0.2670788265636756,-0.29871632088828437,-0.2884740324709153,-0.3561615607459004,4.745762711864407
MEG,2026-03-13,0.9837192505902608,1.006645013476017,1.0400798946569065,1.137795901307693,1.1919585202133405,-0.3960233400367289,-0.036452966978186854,-0.022938801144110996,-0.024164594640126703,0.03971638985815886,-0.055148384832458215,63.05084745762712
MER,2026-03-13,1.0477913186043886,1.0190076845667178,1.1470075396781418,1.183001328223271,1.1521794937686218,0.2795596679021923,-0.01276603857991969,0.06490888572760277,0.009998236665247517,0.008665083939395786,0.043652786572102885,78.98305084745762
MFC,2026-03-13,1.0443275456503245,0.9684783778939879,1.0604631691391029,1.2245817832697186,1.2506384686906677,0.24303726081197452,-0.10958039693256832,-0.006192677971038502,0.041421589308400494,0.08552165947678368,0.010994004291864983,75.9322033898305
MFIN,2026-03-13,1.0003558595176794,1.0948016445758124,0.9543941757968994,1.1539077318216868,1.1227484726784922,-0.22060508603857976,0.13245549894905315,-0.09333492927633272,-0.011988495763806346,-0.014308621579546476,-0.010201583627918454,72.54237288135593
MG,2026-03-13,0.9945976625241184,0.9372371398974076,0.8572675826555998,0.9096740360753861,0.8618901148191248,-0.28132015526901244,-0.16943873677425975,-0.17313044464093982,-0.19656178963958418,-0.21793333025898187,-0.19424860518617823,23.728813559322035
MGH,2026-03-13,1.0443275456503245,0.9684783778939879,0.9858577200539399,1.046125141486694,1.005538467288979,0.24303726081197452,-0.10958039693256832,-0.06748567782019263,-0.09344239859160443,-0.1058021562226712,-0.06000061560534277,57.79661016949152
MHC,2026-03-13,0.7962997535583723,1.114663793425156,0.969956789085328,1.1294448430210324,0.7667230813078466,-2.372195351891941,0.1705114574210064,-0.08054927801845702,-0.03047569078354615,-0.29222023305803746,-0.2561315905829213,13.559322033898304
MJC,2026-03-13,1.0443275456503245,0.9684783778939879,0.9858577200539399,1.046125141486694,1.005538467288979,0.24303726081197452,-0.10958039693256832,-0.06748567782019263,-0.09344239859160443,-0.1058021562226712,-0.06000061560534277,57.79661016949152
MJIC,2026-03-13,1.0443275456503245,0.9684783778939879,0.9858577200539399,1.046125141486694,1.005538467288979,0.24303726081197452,-0.10958039693256832,-0.06748567782019263,-0.09344239859160443,-0.1058021562226712,-0.06000061560534277,57.79661016949152
MM,2026-03-13,1.0701134109750237,1.0047963170650125,0.8613283238366002,0.7235698895282968,0.8878690721806943,0.5149262913724835,-0.03999507686660213,-0.16979429410975816,-0.3372051813189119,-0.19765428814603195,-0.10004364693585899,43.728813559322035
MONDE,2026-03-13,1.0089551610395877,1.0002043937215497,0.8684246681063383,0.8595733329911246,0.8604536312944265,-0.1299330948198229,-0.04879322078298854,-0.16396420751972773,-0.23442409920132512,-0.21905464199934477,-0.14836534373697752,33.220338983050844
MRC,2026-03-13,1.0323237807577919,0.9053167445530756,0.8478376392463883,1.0223495700892693,1.3726398124897177,0.11646822934414872,-0.23059834487337919,-0.18087772754112783,-0.11141017127420691,0.18075528853678924,-0.09792085338720384,44.40677966101695
MREIT,2026-03-13,1.0173964628112042,0.9475759668603047,0.9916911976873952,1.0104617843905568,0.9881013840411934,-0.040927070532744095,-0.1496295020065059,-0.06269311443384705,-0.12039405761550824,-0.11941345480511346,-0.10664566600755661,42.71186440677966
MRSGI,2026-03-13,1.0264757927332249,0.9944197630161483,0.9607935407305347,1.0109612711846203,0.8964102615366868,0.05480639350085101,-0.05987659688544964,-0.08807745440389754,-0.12001658339948719,-0.1909870791339769,-0.08715308186651816,46.440677966101696
MVC,2026-03-13,1.1839881156275134,1.0702251335482202,1.1427901734502812,1.2276840503397566,1.1287467379844667,1.7156338365124641,0.0853668032522399,0.06144405801410676,0.04376604734826926,-0.009626406159906795,0.21984368767611293,89.49152542372882
MWC,2026-03-13,1.0638842412617537,0.9853844842412645,1.0945032647129456,1.1014685360685708,1.325556363986764,0.4492452334280919,-0.07718822799080532,0.021773370065091675,-0.05161806063106907,0.14400218787437605,0.03848811351678311,77.96610169491525
MWIDE,2026-03-13,0.9817337810845321,0.9588257694764399,0.8769719420181317,1.5665592571006777,1.426906967867218,-0.41695835122686864,-0.1280748341594031,-0.15694209231218836,0.29986221349591613,0.22311595428383976,-0.025913972606795704,70.50847457627118
MWP,2026-03-13,1.0443275456503245,0.9684783778939879,0.9858577200539399,1.046125141486694,1.005538467288979,0.24303726081197452,-0.10958039693256832,-0.06748567782019263,-0.09344239859160443,-0.1058021562226712,-0.06000061560534277,57.79661016949152
MYNLD,2026-03-13,1.0391006810574799,1.1914201827062179,,,,0.1879246194821398,0.3175770133733628,,,,,
NI,2026-03-13,1.174868488856615,1.1468822896113016,1.4083681715056284,1.4711134802156636,1.3507233142687778,1.6194754780245606,0.23224222795287977,0.27963284173369063,0.22773153810991562,0.1636473813869705,0.3716218414517714,93.22033898305084
NIKL,2026-03-13,0.9960349423832573,1.3855398758887978,1.5345898472537745,2.212957030068007,2.1735438485067458,-0.2661653166539552,0.6895111398557912,0.38333177053123446,0.7883605992161196,0.8059369095223522,0.5546324091957272,96.94915254237289
NOW,2026-03-13,0.9214654814561685,0.8421551112121636,0.6878077116655396,1.5890508478278897,1.1172649636544212,-1.0524340024469325,-0.3516162928141896,-0.3123522303737071,0.31685965102124297,-0.01858902086109635,-0.22823276860729277,18.305084745762713
NRCP,2026-03-13,0.974705709273636,0.9039131527010553,0.9719724000531802,1.1441993735010718,1.234871801933834,-0.4910631217014072,-0.2332876326053973,-0.07889332869755028,-0.019325336275868934,0.07321427951950887,-0.13169885945339496,37.96610169491525
NXGEN,2026-03-13,1.0443275456503245,0.9684783778939879,0.9858577200539399,1.046125141486694,1.005538467288979,0.24303726081197452,-0.10958039693256832,-0.06748567782019263,-0.09344239859160443,-0.1058021562226712,-0.06000061560534277,57.79661016949152
OGP,2026-03-13,1.0602163464831789,1.1730414676141703,1.4950817490074215,2.3128188369013056,2.393207636154704,0.4105705431283081,0.28236332005065173,0.3508734194382757,0.8638285749321106,0.9774053460113639,0.532860922075722,96.27118644067797
OM,2026-03-13,1.0246232523361674,1.0072175130097474,0.9672566309963184,1.016794530043142,0.886237293203846,0.035273001610074,-0.0353560555288712,-0.0827676252219359,-0.11560824900378693,-0.19892804652401383,-0.0807322795824974,49.152542372881356
OPM,2026-03-13,1.1313548411211847,1.144565355692895,1.1651045782455653,1.3736996807401032,1.7429333433008973,1.160662738953697,0.22780297308423775,0.07977672441478816,0.15411358059091904,0.46980453716372317,0.30564474361708033,91.86440677966101
ORE,2026-03-13,1.1255530214231273,1.2043897776373953,1.3661171263604597,1.4706396916552078,1.1211176014601263,1.099487707077582,0.34242681033353695,0.24492098977830237,0.22737348466877694,-0.015581671365869472,0.31704450748126983,92.88135593220339
OV,2026-03-13,1.0443275456503245,0.9794838140064195,1.1394978842181904,1.1936556101578946,1.1328218175787232,0.24303726081197452,-0.08849393630651822,0.05873923838121959,0.01804993446454455,-0.00644541973480112,0.015083528717235627,76.61016949152543
PA,2026-03-13,0.9712246174548017,0.9006848914414088,0.8042523505703195,0.9445595937695395,0.9079133733774278,-0.5277681408270747,-0.23947299438903846,-0.2166857432424757,-0.1701979323813627,-0.1820078084803579,-0.24013090595836414,16.271186440677965
PAL,2026-03-13,1.0443275456503245,0.9175058316890413,0.8939767738524392,0.9053006032096392,0.8227132914182557,0.24303726081197452,-0.2072440040426961,-0.14297156914215378,-0.1998668983270193,-0.2485145595416119,-0.15086293101379547,32.54237288135593
PAX,2026-03-13,1.0443275456503245,0.8995747778857202,0.8157625500446335,0.8565833040047844,0.787671799376367,0.24303726081197452,-0.24159997650436166,-0.20722940106782392,-0.23668373621458197,-0.27586777017774217,-0.18870052990664474,24.74576271186441
PBB,2026-03-13,1.013052111340484,0.9203015198099758,0.9476954857292713,0.8583295489070343,0.8590896308833594,-0.08673439539520801,-0.2018874541629317,-0.0988383182960272,-0.2353640568290772,-0.22011937378950616,-0.17403997279664846,28.135593220338983
PBC,2026-03-13,1.0049429301817598,0.9130707948917097,0.9004774325204001,0.8254214333326435,0.9368444377215341,-0.1722385030185879,-0.21574155269470985,-0.13763087518962627,-0.2602335133889102,-0.15942436665699639,-0.19231439258400984,24.06779661016949
PCOR,2026-03-13,1.3243284093391796,1.3397922223829872,1.4682987319952296,1.5255991646680958,1.5040105279963365,3.195397494833175,0.6018584485376526,0.32886951117395774,0.2689076838408799,0.2833026015443554,0.678591588837932,98.30508474576271
PERC,2026-03-13,1.085343431129038,1.0443779372900686,0.9858577200539399,0.9913692800865642,0.9662157339313096,0.6755133169754441,0.03584346945398601,-0.06748567782019263,-0.13482272355759803,-0.13649728207618636,0.013993816055744498,76.27118644067797
PGOLD,2026-03-13,1.0657496491508438,0.9883446010302749,0.9364471899319047,1.1845172299052753,1.4344240501111603,0.46891430158532044,-0.07151663211015945,-0.10807949036945348,0.011143840124198608,0.22898375048789052,0.03499289853114414,77.62711864406779
PHA,2026-03-13,0.9493886778639313,0.7667120491660738,0.8288184372134894,0.9602114825240189,1.0614017154717004,-0.7580087153426341,-0.4961655084101582,-0.19650318066322883,-0.15836942258477674,-0.0621955885418836,-0.314779542021356,7.118644067796611
PHC,2026-03-13,1.3228148911570776,1.082417010587398,1.4717447392233818,1.5617153897908507,1.5011252833099762,3.179438790865492,0.10872648954889377,0.33170061966677317,0.2962015861539761,0.2810503942026004,0.534884857229096,96.61016949152543
PHES,2026-03-13,0.9975666107704592,0.9684783778939879,0.955983243688669,1.2875386356759313,1.1095596880430116,-0.25001523490596744,-0.10958039693256832,-0.09202941152602272,0.08899960095482123,-0.02460371985154959,-0.0667736332386411,51.864406779661024
PHN,2026-03-13,1.0305863937338728,0.9079484792756137,0.8698744588711235,0.8915839274034324,0.8161838208514441,0.09814902742117587,-0.22555593037584526,-0.16277311456047427,-0.2102329210285209,-0.25361143108871687,-0.17863345387976626,26.779661016949152
PHR,2026-03-13,1.036704716849957,0.9083659268522922,0.7407549719742312,0.9548524781355062,0.7639845338061518,0.16266130652218705,-0.22475609911071912,-0.2688527747989646,-0.1624193514402529,-0.2943579293228358,-0.19501145246721413,23.389830508474578
PIZZA,2026-03-13,1.0335135030178508,0.9472398169752602,0.8912686685352511,0.8904042234791328,0.9610074780233244,0.12901279311389172,-0.15027356656178828,-0.14519644548608449,-0.2111244517341461,-0.14056282017392738,-0.13178921540158675,37.6271186440678
PLUS,2026-03-13,1.4608335462615973,1.1267419176961762,0.7420183549755097,0.6766124643920719,0.5473801413944,4.6347228336192865,0.19365319294838995,-0.2678148273694358,-0.3726920399312521,-0.46343821743577124,0.3105603938024705,92.54237288135593
PMPC,2026-03-13,0.8679870595179994,0.8019363016953956,1.0435722102363092,1.2525228045367713,1.5994741149336362,-1.6163164284808271,-0.4286756964250986,-0.02006964747093653,0.06253729291250158,0.3578209924409251,-0.22907115619470736,17.966101694915253
PNB,2026-03-13,0.9474745877875926,1.0702732565134936,1.0463112594912098,1.0866950915720508,1.1857764944445508,-0.7781910938941397,0.0854590070506245,-0.017819348764526906,-0.06278270891713576,0.03489073195496373,-0.06395917645554094,52.54237288135594
PNC,2026-03-13,1.0443275456503245,0.9684783778939879,0.9858577200539399,1.046125141486694,1.005538467288979,0.24303726081197452,-0.10958039693256832,-0.06748567782019263,-0.09344239859160443,-0.1058021562226712,-0.06000061560534277,57.79661016949152
PNX,2026-03-13,1.0443275456503245,0.9684783778939879,0.9858577200539399,1.046125141486694,1.005538467288979,0.24303726081197452,-0.10958039693256832,-0.06748567782019263,-0.09344239859160443,-0.1058021562226712,-0.06000061560534277,57.79661016949152
PORT,2026-03-13,1.0443275456503245,0.9684783778939879,0.9858577200539399,1.046125141486694,1.005538467288979,0.24303726081197452,-0.10958039693256832,-0.06748567782019263,-0.09344239859160443,-0.1058021562226712,-0.06000061560534277,57.79661016949152
PPC,2026-03-13,1.0372712784499842,1.086765813361956,1.15016734006293,1.2944477760820203,1.4781415469147994,0.16863519501669727,0.11705881346040058,0.06750485756187316,0.094221004982244,0.2631094063567906,0.12716798988022557,84.7457627118644
PRC,2026-03-13,1.0238505349512985,0.9665452873193493,0.9665271765234706,0.8865467300734696,0.9058905110711524,0.027125383602157063,-0.11328420638385052,-0.08336691727690612,-0.21403965252907217,-0.18358684451812984,-0.12246041005769989,39.66101694915255
PREIT,2026-03-13,1.0004482370095544,1.082417010587398,1.1238778008614914,0.5162695503440827,0.5163575913105567,-0.21963104749477852,0.10872648954889377,0.04590637190074247,-0.4938670469467464,-0.4876542624003775,-0.14979011365903,32.88135593220339
PRIM,2026-03-13,0.9349218027726713,0.8201528605588726,0.6666951488134558,0.7125779949257193,0.5626227138402622,-0.9105490545661944,-0.3937726950998779,-0.32969750913787416,-0.3455120211533325,-0.45153994283462867,-0.4284444869269121,2.711864406779661
PRMX,2026-03-13,0.9558252112731784,0.8939800411329122,0.7292646148344214,0.8758256998493253,0.8227132914182558,-0.6901411915355409,-0.2523195150166011,-0.2782928152661582,-0.22214179362047828,-0.2485145595416118,-0.29598872013041144,9.491525423728813
PSB,2026-03-13,1.03154731344831,0.9877080929785257,0.9815147345030415,1.0103601793845849,0.9795331621004711,0.10828107171423816,-0.07273618414192422,-0.07105370959240581,-0.12047084296885269,-0.12610176531545148,-0.07176560886034317,50.50847457627119
PSE,2026-03-13,1.039208292975568,0.9637309348650959,1.0450606640780669,1.0513039788207867,1.1308825975604584,0.18905929150951958,-0.11867651720262923,-0.01884679039793395,-0.08952862632410678,-0.007959165027552645,-0.04050832362827455,67.11864406779661
PTC,2026-03-13,0.9214654814561686,0.8716305401045892,0.9644260304875499,1.0289755490033057,0.9234536944490626,-1.0524340024469314,-0.29514125044181144,-0.08509313895698378,-0.106402759215121,-0.16987711281484857,-0.261821178881734,12.88135593220339
PTT,2026-03-13,1.0443275456503245,0.9684783778939879,0.9858577200539399,1.046125141486694,1.005538467288979,0.24303726081197452,-0.10958039693256832,-0.06748567782019263,-0.09344239859160443,-0.1058021562226712,-0.06000061560534277,57.79661016949152
PX,2026-03-13,1.0952207008964416,1.0821212197444765,1.359978085612871,1.7924054971969472,1.5027213761151967,0.7796603474445616,0.1081597530834696,0.2398773873574339,0.47053966370053074,0.28229629613633717,0.30683568466941225,92.20338983050847
PXP,2026-03-13,1.154984769030491,1.3422065486165642,1.6141003847941957,1.5460433506927251,1.3487945705803976,1.4098193257338998,0.6064843074806938,0.44865460452299977,0.2843578482567461,0.16214181386409499,0.5162837176793115,95.59322033898306
RCB,2026-03-13,1.0065807668918791,0.8939800411329121,0.9242416125505687,0.9845883684580651,0.8856118610985505,-0.1549689706711818,-0.2523195150166013,-0.11810712858846724,-0.13994722200539916,-0.19941625564748086,-0.17862141646741733,27.11864406779661
RCI,2026-03-13,0.8625371951111938,0.7604601347547864,0.568078221116353,0.7525351824242993,0.9343128258560098,-1.6737804046396294,-0.5081442020052385,-0.41071742669862327,-0.3153154109432253,-0.16140053001567511,-0.5097738194311867,1.3559322033898304
RCR,2026-03-13,0.9742384486268126,0.8445325880004037,0.9063109992559369,0.9785423598024932,1.1199506967401291,-0.49598996990619426,-0.3470610375592031,-0.13283823860039895,-0.14451633655345708,-0.016492551261058322,-0.2183040179083303,19.661016949152543
REDC,2026-03-13,1.0443275456503245,0.9913558198914837,1.2276006092625689,1.320352120323012,1.2642166416592582,0.24303726081197452,-0.06574712445006999,0.1311210868798581,0.11379754264074309,0.09612071230306415,0.07453747583974922,81.69491525423729
REG,2026-03-13,1.0443275456503245,0.9079484792756137,0.954055858116716,1.0821984222276146,1.0735286127640347,0.24303726081197452,-0.22555593037584526,-0.0936128782167215,-0.06618095038351782,-0.05272939413431066,-0.08791187178258666,46.101694915254235
RFM,2026-03-13,1.0163544863918337,1.1449473231067753,1.2211192214304483,1.338352587113259,1.304805868267842,-0.05191378573357946,0.22853482421225646,0.1257962251132196,0.12740092949784831,0.1278044563529759,0.13946897932113994,85.42372881355932
RLC,2026-03-13,0.9526035389953224,1.0422326613540793,1.1181702035348633,1.2369819917167766,1.449455115055351,-0.7241108621818438,0.031733111982086136,0.04121722698747071,0.05079272587834044,0.24071692340793385,-0.006320762189832699,73.5593220338983
RLT,2026-03-13,1.0041611015868506,0.9051199793401757,0.9128312222721667,0.8865467300734697,0.7234089692726469,-0.18048219063805104,-0.23097534782646556,-0.12748147132333282,-0.2140396525290721,-0.32603100882636027,-0.21092377307234644,21.01694915254237
ROCK,2026-03-13,0.9961278127741556,1.0534326215688992,0.9702091848149885,0.9728963815826256,1.1545071291095688,-0.2651860809280578,0.05319228158431167,-0.08034191928515123,-0.14878313845402014,0.01048202425942877,-0.0588307274906898,62.37288135593221
ROX,2026-03-13,1.0443275456503245,0.9684783778939879,0.9858577200539399,1.046125141486694,1.005538467288979,0.24303726081197452,-0.10958039693256832,-0.06748567782019263,-0.09344239859160443,-0.1058021562226712,-0.06000061560534277,57.79661016949152
RRHI,2026-03-13,1.0012194845116293,1.0711281598827518,1.0082635773278932,0.9731396664992503,0.96531692859742,-0.21149892809444545,0.08709700540441782,-0.04907787754081995,-0.14859928217540752,-0.13719888495283808,-0.0575899497513314,62.71186440677966
SBS,2026-03-13,0.9866298911945053,0.9000532751079996,0.8645213852780704,0.929285190619349,0.6905505136803831,-0.3653332219339219,-0.24068317386844681,-0.16717099625617957,-0.18174116720325115,-0.35168015230229205,-0.2396312797039652,16.610169491525422
SCC,2026-03-13,0.9436694689611365,1.0413745998860087,0.8450209029033771,0.9568217757500251,0.8391141590728616,-0.8183126898097803,0.030089062698045076,-0.18319185100482038,-0.16093110574089192,-0.23571212558601848,-0.18614555290885076,25.08474576271186
SECB,2026-03-13,1.042005097439093,0.9742689810503047,0.9451314039833355,0.9670909618414082,0.9667534121221185,0.2185491086895846,-0.09848557758971388,-0.10094487035079015,-0.1531704341573985,-0.13607757321247502,-0.0839727028090042,47.45762711864407
SEVN,2026-03-13,1.1073870881711836,0.9793601574208868,0.811220066787242,0.8099033353445374,0.624127324524194,0.9079440873888945,-0.08873086283040599,-0.21096133256913102,-0.27196091427681657,-0.40352975625011644,-0.10348682954539587,43.389830508474574
SFI,2026-03-13,1.0660843695180395,0.8628261912146439,0.8474917242568958,1.1650029984738186,1.094919664381333,0.47244363034740516,-0.3120104189426517,-0.1811619181419321,-0.0036035351785916997,-0.03603164793341111,-0.09777469640926802,44.74576271186441
SGI,2026-03-13,1.0520064246624592,1.061452302171811,1.0469961833130992,1.0385445245193994,1.2410700001674788,0.3240042147656558,0.0685580224363055,-0.017256641398958696,-0.09917125364982542,0.07805256156659485,0.04052730136274169,78.30508474576271
SGP,2026-03-13,1.1352374516917019,1.147698575938427,1.1655288311643621,1.9001436660821953,1.7142200150540787,1.2016014164333608,0.23380623589592456,0.08012527447924968,0.5519599961674782,0.44739105903155035,0.38783398912015404,93.55932203389831
SHLPH,2026-03-13,0.9736717216046755,1.8209327238272985,1.9509968890734715,2.4474563351552057,1.9761016835418201,-0.5019656026298209,1.5237256181487904,0.7254359608338328,0.9655773793138378,0.6518145587878795,0.8791677750710627,98.98305084745763
SHNG,2026-03-13,1.0251906534525437,1.068174681500722,0.9383163579193591,0.9591611932946463,0.9426923130834179,0.04125574205829698,0.08143812873871151,-0.10654385303226237,-0.15916315148444876,-0.15485954486355705,-0.053140512457045756,63.389830508474574
SLF,2026-03-13,1.0443275456503245,0.9684783778939879,1.0123722308622367,1.0037065892048236,1.0725743651082444,0.24303726081197452,-0.10958039693256832,-0.04570236404215746,-0.12549912152732703,-0.05347427500572622,-0.05311694956543675,63.72881355932203
SLI,2026-03-13,1.0290447035188564,0.7985005401411654,0.7965730378035836,0.8096447455184377,0.7052735083068535,0.08189327440659885,-0.4352586296222607,-0.22299477458033223,-0.27215633684461643,-0.3401874575069036,-0.28359634108606024,10.16949152542373
SM,2026-03-13,0.9669137304931056,0.8813153238835291,0.8579117044731691,0.752973689409067,0.8201382889412032,-0.5732226121861882,-0.27658516509088715,-0.17260125865048961,-0.3149840206396933,-0.25052459339117444,-0.2840236185451222,9.830508474576272
SMC,2026-03-13,1.0309004772062487,0.8082349747883402,1.174530490615987,0.9327386745384588,0.850982340351114,0.10146075847010619,-0.41660741300462534,0.08752069556680007,-0.1791312861205063,-0.2264478835844579,-0.1627494139244469,29.491525423728817
SMPH,2026-03-13,0.9606835127200173,0.8567979883710777,0.8567365319406806,0.8724372729850817,0.8661743639278751,-0.6389147209898159,-0.32356048025854234,-0.17356673571335574,-0.22470250951792872,-0.21458906717368822,-0.2814801620845222,10.847457627118644
SOC,2026-03-13,0.9211972236740853,1.0632208279053563,0.9093299518305747,1.056586392901561,0.752291742193977,-1.0552625423230422,0.07194652497864784,-0.13035798197074375,-0.0855365786112593,-0.3034852630422409,-0.17916189740998378,26.440677966101696
SPC,2026-03-13,1.0365194892342473,0.9630374881305386,1.312006138718401,1.29939754416242,1.234545493943232,0.16070824595066108,-0.1200051639836494,0.2004654600810504,0.09796166409043497,0.07295956516007127,0.06072190801233158,80.0
SPM,2026-03-13,1.0443275456503245,0.9684783778939879,0.8399684610325049,0.7361621366017477,0.9552615439245302,0.24303726081197452,-0.10958039693256832,-0.18734274511009846,-0.32768891652775584,-0.14504806713537985,-0.1427010726519558,34.91525423728813
SPNEC,2026-03-13,1.0525505971908782,1.0874143190388639,0.9487953997511602,0.9234759869675646,1.1290256474823628,0.32974203040016853,0.11830135299106409,-0.0979346707635157,-0.1861313224990987,-0.009408690823035587,0.005343373123182075,74.91525423728814
SRDC,2026-03-13,0.8451767113635182,9.361957652975217,21.44240541117319,22.753221827335594,21.870461663535295,-1.8568312752146712,15.972360240535176,16.738835977246985,16.311134060624493,16.181250872551434,14.480148381958447,100.0
SSI,2026-03-13,0.8696259116196011,0.8677566265930133,0.8333287897814438,0.7510642041442932,0.7766917816301081,-1.5990361897327503,-0.30256368458218097,-0.19279764651448741,-0.3164270647039024,-0.2844387162391383,-0.4048233563532024,3.050847457627119
STI,2026-03-13,1.0992921533161308,0.9548378373602698,0.9651753902625985,0.9096740360753861,1.0275575578135552,0.8225901943751668,-0.13571572841274335,-0.08447749346269044,-0.19656178963958418,-0.08861416604192295,-0.032179555286184214,69.49152542372882
STN,2026-03-13,1.0391059079220728,0.909090552834451,0.8007579032274859,1.1565494619769563,1.0700649999492347,0.18797973212347044,-0.223367712763708,-0.2195566482914177,-0.009992076576850478,-0.05543307269833902,-0.11341487890974074,41.35593220338983
STR,2026-03-13,0.978021034815383,1.0203611481383086,0.9694267580530409,0.7763696018580497,0.7020919475745535,-0.4561059606293414,-0.010172796838331171,-0.0809847313583992,-0.2973031653803777,-0.3426709676484869,-0.17976989617738187,26.101694915254235
SUN,2026-03-13,0.9982542715775159,1.0491849093851537,1.017154790531843,1.0148975253229122,0.9205633855462486,-0.24276446291011652,0.045053647658467935,-0.04177319489027516,-0.11704186121950026,-0.17213327325823508,-0.07043201394867538,50.847457627118644
T,2026-03-13,1.200976677497873,1.0607144138838915,1.0797489314876485,1.1457561073425697,1.156369237382326,1.8947631214670764,0.06714422545718707,0.009651770969559237,-0.018148874969270073,0.011935576515454913,0.21019308400971784,88.8135593220339
TBGI,2026-03-13,1.0277509179415891,0.8895653248804036,0.66438237655809,0.9753347183785719,0.944596741998738,0.06825145545164554,-0.2607781294215815,-0.3315975948720603,-0.14694042853378944,-0.15337295732898473,-0.20670172130543057,21.35593220338983
TECH,2026-03-13,0.9464218382456063,0.8641807064284815,0.879688427125054,0.866789402946118,0.7200151987995158,-0.789291402097468,-0.30941516225021487,-0.15471033145168128,-0.22897074111180635,-0.32868016881336265,-0.30552744529209724,8.135593220338983
TEL,2026-03-13,0.9849736779478959,1.014117534679727,1.1814071946898677,1.106024242329884,1.0266829677693547,-0.3827965185249719,-0.02213558577405895,0.09317033412445962,-0.04817520354285406,-0.08929686658648536,-0.04465731475014359,66.10169491525424
TFC,2026-03-13,0.6208853611249194,0.8170865250302936,0.7145121190105221,0.8865269851574322,0.8918587104975678,-4.221784206271354,-0.39964780652018805,-0.2904129048225754,-0.21405457423829494,-0.1945399967479099,-0.6866679031486811,0.6779661016949152
TFHI,2026-03-13,0.9907279530755562,0.9233579210203912,0.965634997591295,1.0516310632839925,0.9602892362609751,-0.3221228018845843,-0.19603137693687467,-0.08409989755952377,-0.08928144070721229,-0.14112347604410902,-0.15107147720746059,32.20338983050847
TLII,2026-03-13,1.0443275456503245,0.9684783778939879,0.9858577200539399,1.046125141486694,1.005538467288979,0.24303726081197452,-0.10958039693256832,-0.06748567782019263,-0.09344239859160443,-0.1058021562226712,-0.06000061560534277,57.79661016949152
TLJJ,2026-03-13,1.0443275456503245,0.9684783778939879,0.9858577200539399,1.046125141486694,1.005538467288979,0.24303726081197452,-0.10958039693256832,-0.06748567782019263,-0.09344239859160443,-0.1058021562226712,-0.06000061560534277,57.79661016949152
TOP,2026-03-13,1.1557224838530258,1.0305603251948847,1.0910158768596936,3.101013812264129,,1.417597872833382,0.009368868137459583,0.01890826482432951,1.459486526119042,,,
TUGS,2026-03-13,0.9863093486697508,0.9684783778939879,0.8978347093348381,0.8746292166528099,0.8547076971956324,-0.36871305794917575,-0.10958039693256832,-0.13980203606058497,-0.22304600482677012,-0.22353988896079713,-0.1828361181993079,25.76271186440678
UBP,2026-03-13,1.032277612431282,0.9481864499762092,0.8417456280859221,0.8388585377912026,0.7611881770052065,0.1159814253769638,-0.1484598138583145,-0.18588269224167217,-0.2500787694970379,-0.29654075123289025,-0.17390734126455712,28.8135593220339
UNH,2026-03-13,1.2263662921398306,0.821505847385225,1.3867009688670804,0.8421636359138167,0.6128996372047112,2.1624740407781506,-0.391180366804117,0.26183189201297874,-0.24758102713921343,-0.41229403192192,0.05299095682369399,79.66101694915254
UPM,2026-03-13,1.0443275456503245,0.858839316245612,1.4946875110495221,1.4047966185678464,1.575343598752734,0.24303726081197452,-0.3196492876977491,0.35054952852426924,0.17761428644879937,0.3389848341213607,0.102416904310904,83.05084745762711
UPSON,2026-03-13,1.0443275456503245,0.955027289312127,0.9999414017689962,1.0315956256327121,0.9271848204872405,0.24303726081197452,-0.135352737697741,-0.05591506050172988,-0.10442270411986163,-0.16696461478793148,-0.07621009339571937,49.83050847457628
URC,2026-03-13,0.9570091889905983,1.036574513839659,0.9572112519304732,0.7953337646153003,0.9701321832295081,-0.6776571988619973,0.02089207819111822,-0.09102052665363569,-0.2829714902402774,-0.1334401216541561,-0.16086354438845207,30.16949152542373
V,2026-03-13,1.0136120296017854,0.9884470042423176,1.0273675187930533,1.176890784172531,1.1312307757001017,-0.08083055500275284,-0.07132042713684811,-0.03338280572367063,0.005380351162709456,-0.007687378940899323,-0.03790192168084038,68.13559322033899
VITA,2026-03-13,1.0256788394779972,0.9864131626698026,0.9682531179101196,0.9432275865863637,0.8133031720719684,0.046403229781604424,-0.07521727591233796,-0.08194894946827107,-0.17120456233270373,-0.2558600508889103,-0.111032017262486,42.03389830508474
VLL,2026-03-13,1.0443275456503245,1.2216034084799168,0.9599140958419943,0.7396171382485546,0.676453150721677,0.24303726081197452,0.3754081974665904,-0.08879997288051866,-0.3250778884615884,-0.36268448219676436,-0.004692057920787432,73.89830508474576
VMC,2026-03-13,0.9528887282892361,1.0653262156833867,0.9711434257247767,1.0901725158650815,1.1060923140178769,-0.7211037945627412,0.0759804565766748,-0.07957438248127303,-0.06015473551646696,-0.027310334397253905,-0.08533733536647141,46.779661016949156
VREIT,2026-03-13,1.0689967002719856,0.9326088083423587,0.9025458000493818,0.7195569756257685,0.6880000039345647,0.5031515695765565,-0.17830663897302887,-0.13593158308433848,-0.3402378371314782,-0.353671067250305,-0.15825795801917902,30.847457627118647
VVT,2026-03-13,1.1357062058947276,1.142321297136347,1.1540584182547469,0.9101288730934239,1.183466540234594,1.2065440128607823,0.22350334770712538,0.07070161943313853,-0.19621805833609082,0.03308759343594087,0.17110033780467349,87.45762711864407
WEB,2026-03-13,1.1726928064698434,1.7695249006266422,2.0920366579097385,4.371019002025799,4.6323524262287155,1.5965348410710167,1.425228018533714,0.8413088714055252,2.419260075781647,2.7252703916684515,1.6901916814251945,99.32203389830508
WIN,2026-03-13,1.3254926540946423,1.229222556557754,1.183029264064728,1.5550508859937346,1.2289914600198633,3.2076734209621582,0.390006516361548,0.0945029646382863,0.2911650599116713,0.06862411450047849,0.5299216673216578,95.9322033898305
WLCON,2026-03-13,0.9663926541838823,0.8639663227255721,0.6495555647539243,0.7287613345188206,0.8855594456238169,-0.5787168987179284,-0.3098259223022551,-0.34377873961175326,-0.3332818811413999,-0.19945717090072596,-0.33333910332879657,5.423728813559322
WPI,2026-03-13,1.1064898995580819,0.9907422486501716,1.0445397272000079,1.1083944951466165,1.1048509085027056,0.8984840309132058,-0.06692272945917908,-0.019274772326597633,-0.04638394632764538,-0.028279369234604494,0.0514341965211977,79.3220338983051
X,2026-03-13,1.0225707217826092,0.8925192894317143,1.3163441148447492,1.046125141486694,1.2436923148047898,0.01363089127654157,-0.2551183212535435,0.20402937630055312,-0.09344239859160443,0.08009952704805409,-0.030838613834383376,69.83050847457626
XG,2026-03-13,1.027207421951139,0.9526016831744145,0.8474421662354784,1.3645110541130794,1.6394648923189876,0.06252077330868513,-0.14000020898326365,-0.18120263312772078,0.1471695138536816,0.38903759006800365,0.006740897634896083,75.59322033898304
ZHI,2026-03-13,0.9614444071066479,0.8916150145690683,0.7330736892708785,0.7223245024550983,0.9257338270279492,-0.630891765989668,-0.2568509155906977,-0.2751634245618321,-0.3381463503641912,-0.1680972529095103,-0.30177916542589894,8.813559322033898
